--SQL假資料--
--==================================================--

--阿群--

--會員 MEM FAKE DATA--

INSERT INTO MEM(MEM_NO,MEM_PW,MEM_NAME,MEM_ID,MEM_BDAY,MEM_TEL,MEM_PHO,MEM_GEND,MEM_EMAIL,MEM_PIC,MEM_INTRO,MEM_CODE,MEM_STATE,MEM_GPS_LAT,MEM_GPS_LNG,MEM_IP,MEM_DATE,MISSION_COUNT,MEM_ADDRESS,MEM_SEARCH,MEM_POINT)
VALUES('M'||LPAD(MEM_NO.NEXTVAL,6,'0'),'A123456','兆哥','彭小兆',TO_DATE('1987-09-10','YYYY-MM-DD'),'03-3456789','0912-345678',2,'aaa@gmail.com',NULL,'請叫我兆哥，我能夠幫你修電腦呵呵','1',1,'123.123465','88.332244','192.168.0.1',TO_DATE('2017-09-10 12:13:14','YYYY-MM-DD HH24:MI:SS'),10,'桃園市平鎮區民族路314號5樓','1',2000);

INSERT INTO MEM(MEM_NO,MEM_PW,MEM_NAME,MEM_ID,MEM_BDAY,MEM_TEL,MEM_PHO,MEM_GEND,MEM_EMAIL,MEM_PIC,MEM_INTRO,MEM_CODE,MEM_STATE,MEM_GPS_LAT,MEM_GPS_LNG,MEM_IP,MEM_DATE,MISSION_COUNT,MEM_ADDRESS,MEM_SEARCH,MEM_POINT)
VALUES('M'||LPAD(MEM_NO.NEXTVAL,6,'0'),'E123456','柏起','柏大起',TO_DATE('1988-11-04','YYYY-MM-DD'),'03-3662251','0912-555666',1,'BBB@gmail.com',NULL,'請叫我095，我能夠介紹你吃各家好吃的美食','1',1,'101.883465','32.199465','192.168.0.2',TO_DATE('2017-09-12 14:15:16','YYYY-MM-DD HH24:MI:SS'),5,'高雄市楠梓區惠民路307號2樓','1',2000);

INSERT INTO MEM(MEM_NO,MEM_PW,MEM_NAME,MEM_ID,MEM_BDAY,MEM_TEL,MEM_PHO,MEM_GEND,MEM_EMAIL,MEM_PIC,MEM_INTRO,MEM_CODE,MEM_STATE,MEM_GPS_LAT,MEM_GPS_LNG,MEM_IP,MEM_DATE,MISSION_COUNT,MEM_ADDRESS,MEM_SEARCH,MEM_POINT)
VALUES('M'||LPAD(MEM_NO.NEXTVAL,6,'0'),'F123456','武藤','遊戲王',TO_DATE('1990-10-04','YYYY-MM-DD'),'03-3662245','0912-555666',1,'CCC@gmail.com',NULL,'請叫我遊戲王，我擁有千年積木能夠讓死者復甦','1',1,'62.443465','71.669465','192.168.1.2',TO_DATE('2017-10-12 14:15:16','YYYY-MM-DD HH24:MI:SS'),5,'桃園市平鎮區中正路403號1樓','1',1500);

INSERT INTO MEM(MEM_NO,MEM_PW,MEM_NAME,MEM_ID,MEM_BDAY,MEM_TEL,MEM_PHO,MEM_GEND,MEM_EMAIL,MEM_PIC,MEM_INTRO,MEM_CODE,MEM_STATE,MEM_GPS_LAT,MEM_GPS_LNG,MEM_IP,MEM_DATE,MISSION_COUNT,MEM_ADDRESS,MEM_SEARCH,MEM_POINT)
VALUES('M'||LPAD(MEM_NO.NEXTVAL,6,'0'),'B123456','子愉','周子愉',TO_DATE('1999-06-14','YYYY-MM-DD'),'02-22366225','0918-333666',1,'ziu0614@gmail.com',NULL,'大家好我是子愉，我們Twice又有新的EP請多多支持','1',1,'12.456789','34.852147','192.168.1.5',TO_DATE('2017-09-12 14:15:16','YYYY-MM-DD HH24:MI:SS'),5,'台北市內湖區內湖路一段33號8樓','1',1200);

INSERT INTO MEM(MEM_NO,MEM_PW,MEM_NAME,MEM_ID,MEM_BDAY,MEM_TEL,MEM_PHO,MEM_GEND,MEM_EMAIL,MEM_PIC,MEM_INTRO,MEM_CODE,MEM_STATE,MEM_GPS_LAT,MEM_GPS_LNG,MEM_IP,MEM_DATE,MISSION_COUNT,MEM_ADDRESS,MEM_SEARCH,MEM_POINT)
VALUES('M'||LPAD(MEM_NO.NEXTVAL,6,'0'),'C123456','Hebe','田附真',TO_DATE('1983-03-30','YYYY-MM-DD'),'02-22323225','0979-333666',1,'hebe0330@gmail.com',NULL,'大家好我是Hebe，請大家多多支持代言的OPPO R11S','1',1,'120.456789','134.852147','192.168.1.6',TO_DATE('2017-03-12 14:25:17','YYYY-MM-DD HH24:MI:SS'),5,'台北市信義區信義路一段302號8樓','1',3000);

INSERT INTO MEM(MEM_NO,MEM_PW,MEM_NAME,MEM_ID,MEM_BDAY,MEM_TEL,MEM_PHO,MEM_GEND,MEM_EMAIL,MEM_PIC,MEM_INTRO,MEM_CODE,MEM_STATE,MEM_GPS_LAT,MEM_GPS_LNG,MEM_IP,MEM_DATE,MISSION_COUNT,MEM_ADDRESS,MEM_SEARCH,MEM_POINT)
VALUES('M'||LPAD(MEM_NO.NEXTVAL,6,'0'),'D123456','藝欣','林藝欣',TO_DATE('1985-11-05','YYYY-MM-DD'),'06-3323425','0979-333777',1,'ising1105@gmail.com',NULL,'大家好我是藝欣，最近又有新的連續劇了，請大家一定要收視喔','1',1,'100.456789','135.852147','192.168.1.7',TO_DATE('2017-04-14 19:26:23','YYYY-MM-DD HH24:MI:SS'),5,'台南市永安區永安路一段12號1樓','1',3200);

INSERT INTO MEM(MEM_NO,MEM_PW,MEM_NAME,MEM_ID,MEM_BDAY,MEM_TEL,MEM_PHO,MEM_GEND,MEM_EMAIL,MEM_PIC,MEM_INTRO,MEM_CODE,MEM_STATE,MEM_GPS_LAT,MEM_GPS_LNG,MEM_IP,MEM_DATE,MISSION_COUNT,MEM_ADDRESS,MEM_SEARCH,MEM_POINT)
VALUES('M'||LPAD(MEM_NO.NEXTVAL,6,'0'),'G123456','鈺芬','李鈺芬',TO_DATE('1985-05-15','YYYY-MM-DD'),'02-23323489','0956-231888',1,'ufin0515@gmail.com',NULL,'大家好我是鈺芬，最近的連續劇[我的四個男人]要結局了，一定要收看喔','1',1,'90.423789','110.825147','192.168.1.8',TO_DATE('2017-01-23 10:27:13','YYYY-MM-DD HH24:MI:SS'),5,'新北市蘆洲區蘆洲路一段321號8樓','1',2500);

INSERT INTO MEM(MEM_NO,MEM_PW,MEM_NAME,MEM_ID,MEM_BDAY,MEM_TEL,MEM_PHO,MEM_GEND,MEM_EMAIL,MEM_PIC,MEM_INTRO,MEM_CODE,MEM_STATE,MEM_GPS_LAT,MEM_GPS_LNG,MEM_IP,MEM_DATE,MISSION_COUNT,MEM_ADDRESS,MEM_SEARCH,MEM_POINT)
VALUES('M'||LPAD(MEM_NO.NEXTVAL,6,'0'),'H123456','梗如','孟梗如',TO_DATE('1991-07-20','YYYY-MM-DD'),'02-23323489','0956-231888',1,'genru0720@gmail.com',NULL,'大家好我是梗如，我真的跟幼聖沒有什麼，我跟交交還是很要好的，屑屑','1',1,'73.429889','23.187447','192.168.1.9',TO_DATE('2017-02-05 09:24:47','YYYY-MM-DD HH24:MI:SS'),5,'台北市大安區復興路一段211號3樓','1',2800);

INSERT INTO MEM(MEM_NO,MEM_PW,MEM_NAME,MEM_ID,MEM_BDAY,MEM_TEL,MEM_PHO,MEM_GEND,MEM_EMAIL,MEM_PIC,MEM_INTRO,MEM_CODE,MEM_STATE,MEM_GPS_LAT,MEM_GPS_LNG,MEM_IP,MEM_DATE,MISSION_COUNT,MEM_ADDRESS,MEM_SEARCH,MEM_POINT)
VALUES('M'||LPAD(MEM_NO.NEXTVAL,6,'0'),'J123456','結衣','新環結衣',TO_DATE('1988-06-11','YYYY-MM-DD'),'07-3345678','0979-774365',1,'yui0611@gmail.com',NULL,'大家好我是結衣，最近的新作[乒乓少女大逆襲上映了，請大家多多支持','1',1,'88.466129','34.826347','192.168.1.10',TO_DATE('2017-05-15 11:56:23','YYYY-MM-DD HH24:MI:SS'),5,'高雄市左營區博愛一路11號3樓','1',3600);

INSERT INTO MEM(MEM_NO,MEM_PW,MEM_NAME,MEM_ID,MEM_BDAY,MEM_TEL,MEM_PHO,MEM_GEND,MEM_EMAIL,MEM_PIC,MEM_INTRO,MEM_CODE,MEM_STATE,MEM_GPS_LAT,MEM_GPS_LNG,MEM_IP,MEM_DATE,MISSION_COUNT,MEM_ADDRESS,MEM_SEARCH,MEM_POINT)
VALUES('M'||LPAD(MEM_NO.NEXTVAL,6,'0'),'I123456','智酒','山下智酒',TO_DATE('1985-04-09','YYYY-MM-DD'),'81-04-534561','81-0933-264365',1,'tomohisa0409@gmail.com',NULL,'大家好我是智酒，我能夠使用[哈雷路亞，chance]回到過去。雖然我剛閃婚又馬上閃離婚，不過大家記得還要來參加我下次婚禮喔','1',1,'220.461129','213.823479','192.168.1.11',TO_DATE('2017-06-30 15:05:43','YYYY-MM-DD HH24:MI:SS'),5,'日本千葉縣船橋市日盛街下町3號2樓','1',4200);

INSERT INTO MEM(MEM_NO,MEM_PW,MEM_NAME,MEM_ID,MEM_BDAY,MEM_TEL,MEM_PHO,MEM_GEND,MEM_EMAIL,MEM_PIC,MEM_INTRO,MEM_CODE,MEM_STATE,MEM_GPS_LAT,MEM_GPS_LNG,MEM_IP,MEM_DATE,MISSION_COUNT,MEM_ADDRESS,MEM_SEARCH,MEM_POINT)
VALUES('M'||LPAD(MEM_NO.NEXTVAL,6,'0'),'K123456','小瑤','綾賴遙',TO_DATE('1985-03-24','YYYY-MM-DD'),'81-82-858654','81-0920-753365',1,'aya0324@gmail.com',NULL,'大家好我是小瑤，最近新作[嬌妻出沒注意]開播了，請大家多多支持','1',1,'88.466129','34.82347','192.168.1.12',TO_DATE('2017-05-25 11:01:23','YYYY-MM-DD HH24:MI:SS'),5,'日本廣島縣廣島市大民街下町25號8樓','1',4600);

INSERT INTO MEM(MEM_NO,MEM_PW,MEM_NAME,MEM_ID,MEM_BDAY,MEM_TEL,MEM_PHO,MEM_GEND,MEM_EMAIL,MEM_PIC,MEM_INTRO,MEM_CODE,MEM_STATE,MEM_GPS_LAT,MEM_GPS_LNG,MEM_IP,MEM_DATE,MISSION_COUNT,MEM_ADDRESS,MEM_SEARCH,MEM_POINT)
VALUES('M'||LPAD(MEM_NO.NEXTVAL,6,'0'),'L123456','小恭','深田恭紫',TO_DATE('1982-11-02','YYYY-MM-DD'),'81-11-522654','81-0985-123398',1,'kyoko1102@gmail.com',NULL,'大家好我是小恭，預計11月份要結婚了，請大家祝福我們','1',1,'56.476529','78.19447','192.168.1.13',TO_DATE('2017-06-15 20:34:16','YYYY-MM-DD HH24:MI:SS'),5,'日本東京都北區中央街88號3樓','1',2700);

INSERT INTO MEM(MEM_NO,MEM_PW,MEM_NAME,MEM_ID,MEM_BDAY,MEM_TEL,MEM_PHO,MEM_GEND,MEM_EMAIL,MEM_PIC,MEM_INTRO,MEM_CODE,MEM_STATE,MEM_GPS_LAT,MEM_GPS_LNG,MEM_IP,MEM_DATE,MISSION_COUNT,MEM_ADDRESS,MEM_SEARCH,MEM_POINT)
VALUES('M'||LPAD(MEM_NO.NEXTVAL,6,'0'),'M123456','館長','陳支漢',TO_DATE('1979-03-12','YYYY-MM-DD'),'02-23389825','0935-983766',1,'god0312@gmail.com',NULL,'大家好我是館長，想要讓自己的身型更漂亮的快來找我吧，有人生的疑問也可以。最近又有新的重訓課程，大家一起來健身吧','1',1,'100.100001','99.949794','192.168.1.14',TO_DATE('2017-05-29 21:50:34','YYYY-MM-DD HH24:MI:SS'),5,'新北市蘆洲區蘆洲路一段333號1樓','1',900);

INSERT INTO MEM(MEM_NO,MEM_PW,MEM_NAME,MEM_ID,MEM_BDAY,MEM_TEL,MEM_PHO,MEM_GEND,MEM_EMAIL,MEM_PIC,MEM_INTRO,MEM_CODE,MEM_STATE,MEM_GPS_LAT,MEM_GPS_LNG,MEM_IP,MEM_DATE,MISSION_COUNT,MEM_ADDRESS,MEM_SEARCH,MEM_POINT)
VALUES('M'||LPAD(MEM_NO.NEXTVAL,6,'0'),'N123456','希父','劉妙如',TO_DATE('1949-04-10','YYYY-MM-DD'),'04-5589827','0935-948759',1,'fakegod0410@gmail.com',NULL,'大家好我是希父，我可以協助你開導人生迷思及開運，不要懷疑我的存在。最近又有新的法會，大家一起來參加','1',1,'44.449449','66.666666','192.168.1.15',TO_DATE('2017-04-04 12:13:14','YYYY-MM-DD HH24:MI:SS'),5,'新竹縣新埔鎮新埔路254號1樓','1',12000);

INSERT INTO MEM(MEM_NO,MEM_PW,MEM_NAME,MEM_ID,MEM_BDAY,MEM_TEL,MEM_PHO,MEM_GEND,MEM_EMAIL,MEM_PIC,MEM_INTRO,MEM_CODE,MEM_STATE,MEM_GPS_LAT,MEM_GPS_LNG,MEM_IP,MEM_DATE,MISSION_COUNT,MEM_ADDRESS,MEM_SEARCH,MEM_POINT)
VALUES('M'||LPAD(MEM_NO.NEXTVAL,6,'0'),'O123456','大仁哥','李大仁',TO_DATE('1983-08-27','YYYY-MM-DD'),'02-23456789','0979-520520',1,'dazon0827@gmail.com',NULL,'大家好我是大仁哥，我能夠用溫柔融化妳冰冷的心，但是我不能活在沒有妳的城市裡','1',1,'52.520520','87.530520','192.168.1.16',TO_DATE('2017-08-06 17:00:34','YYYY-MM-DD HH24:MI:SS'),5,'台北市中山區林森北路二段254號3樓','1',3800);

INSERT INTO MEM(MEM_NO,MEM_PW,MEM_NAME,MEM_ID,MEM_BDAY,MEM_TEL,MEM_PHO,MEM_GEND,MEM_EMAIL,MEM_PIC,MEM_INTRO,MEM_CODE,MEM_STATE,MEM_GPS_LAT,MEM_GPS_LNG,MEM_IP,MEM_DATE,MISSION_COUNT,MEM_ADDRESS,MEM_SEARCH,MEM_POINT)
VALUES('M'||LPAD(MEM_NO.NEXTVAL,6,'0'),'P123456','又青姊','程又青',TO_DATE('1982-10-29','YYYY-MM-DD'),'049-3324456','0920-533520',1,'yochin1029@gmail.com',NULL,'大家好我是又青姊，我最近又要調職到高雄了，有人推薦的仲介或者房子嗎?','1',1,'33.159753','19.852456','192.168.1.17',TO_DATE('2017-08-04 12:34:10','YYYY-MM-DD HH24:MI:SS'),5,'台北市大安區新生南路一段14號7樓','1',1800);

INSERT INTO MEM(MEM_NO,MEM_PW,MEM_NAME,MEM_ID,MEM_BDAY,MEM_TEL,MEM_PHO,MEM_GEND,MEM_EMAIL,MEM_PIC,MEM_INTRO,MEM_CODE,MEM_STATE,MEM_GPS_LAT,MEM_GPS_LNG,MEM_IP,MEM_DATE,MISSION_COUNT,MEM_ADDRESS,MEM_SEARCH,MEM_POINT)
VALUES('M'||LPAD(MEM_NO.NEXTVAL,6,'0'),'Q123456','乃哥','徐乃零',TO_DATE('1959-09-17','YYYY-MM-DD'),'03-1537459','0935-888666',1,'nite0917@gmail.com',NULL,'大家好我是乃哥，有需要房屋買賣租賃的可以找我喔，我沒有輸不起，我只是主持節目比較認真而已','1',1,'66.963741','55.147258','192.168.1.18',TO_DATE('2017-07-07 15:41:36','YYYY-MM-DD HH24:MI:SS'),5,'嘉義縣大林鎮林邊路22號1樓','1',6200);

INSERT INTO MEM(MEM_NO,MEM_PW,MEM_NAME,MEM_ID,MEM_BDAY,MEM_TEL,MEM_PHO,MEM_GEND,MEM_EMAIL,MEM_PIC,MEM_INTRO,MEM_CODE,MEM_STATE,MEM_GPS_LAT,MEM_GPS_LNG,MEM_IP,MEM_DATE,MISSION_COUNT,MEM_ADDRESS,MEM_SEARCH,MEM_POINT)
VALUES('M'||LPAD(MEM_NO.NEXTVAL,6,'0'),'R123456','崇崇','唐崇聖',TO_DATE('1970-12-12','YYYY-MM-DD'),'06-4415112','0987-558447',1,'action1212@gmail.com',NULL,'大家好我是崇崇，需要現場主持人的還有廣告演員的話可以找我喔，最近通告比較少，請大家多多幫忙','1',1,'73.987654','81.123789','192.168.1.19',TO_DATE('2017-04-03 11:29:19','YYYY-MM-DD HH24:MI:SS'),5,'台南市永康區中正路159號1樓','1',100);

INSERT INTO MEM(MEM_NO,MEM_PW,MEM_NAME,MEM_ID,MEM_BDAY,MEM_TEL,MEM_PHO,MEM_GEND,MEM_EMAIL,MEM_PIC,MEM_INTRO,MEM_CODE,MEM_STATE,MEM_GPS_LAT,MEM_GPS_LNG,MEM_IP,MEM_DATE,MISSION_COUNT,MEM_ADDRESS,MEM_SEARCH,MEM_POINT)
VALUES('M'||LPAD(MEM_NO.NEXTVAL,6,'0'),'S123456','廣眾','盧廣眾',TO_DATE('1985-07-15','YYYY-MM-DD'),'06-3695382','0955-774552',1,'crowd0715@gmail.com',NULL,'大家好我是廣眾，想要學吉他的可以來找我喔，可以一起吃早餐，最近[花甲]電影版要上了，請大家多多支持','1',1,'74.944554','47.741789','192.168.1.20',TO_DATE('2017-07-04 15:31:46','YYYY-MM-DD HH24:MI:SS'),5,'台南市仁德區大甲里復興路174號1樓','1',400);

INSERT INTO MEM(MEM_NO,MEM_PW,MEM_NAME,MEM_ID,MEM_BDAY,MEM_TEL,MEM_PHO,MEM_GEND,MEM_EMAIL,MEM_PIC,MEM_INTRO,MEM_CODE,MEM_STATE,MEM_GPS_LAT,MEM_GPS_LNG,MEM_IP,MEM_DATE,MISSION_COUNT,MEM_ADDRESS,MEM_SEARCH,MEM_POINT)
VALUES('M'||LPAD(MEM_NO.NEXTVAL,6,'0'),'O123456','于彥','彭于彥',TO_DATE('1982-03-24','YYYY-MM-DD'),'06-7743516','0963-315852',1,'eddie0324@gmail.com',NULL,'大家好我是于彥，最近在準備新片，我沒有打算要出櫃呀!千萬別誤會!請大家繼續支持我','1',1,'119.335774','151.468521','192.168.1.21',TO_DATE('2017-06-19 16:45:02','YYYY-MM-DD HH24:MI:SS'),5,'澎湖縣馬公市中正路110號1樓','1',800);
COMMIT;



--儲值紀錄 STORED_HISTORY FAKE DATA--

INSERT INTO STORED_HISTORY(STORED_NO,MEM_NO,STORED_DATE,STORED_TYPE,STORED_COST)
VALUES('S'||LPAD(STORED_NO.NEXTVAL,6,'0'),'M000001',TO_DATE('2017-09-19 12:33:14','YYYY-MM-DD HH24:MI:SS'),2,9453);

INSERT INTO STORED_HISTORY(STORED_NO,MEM_NO,STORED_DATE,STORED_TYPE,STORED_COST)
VALUES('S'||LPAD(STORED_NO.NEXTVAL,6,'0'),'M000001',TO_DATE('2017-09-20 10:13:14','YYYY-MM-DD HH24:MI:SS'),2,501);

INSERT INTO STORED_HISTORY(STORED_NO,MEM_NO,STORED_DATE,STORED_TYPE,STORED_COST)
VALUES('S'||LPAD(STORED_NO.NEXTVAL,6,'0'),'M000002',TO_DATE('2017-10-10 20:12:19','YYYY-MM-DD HH24:MI:SS'),1,999);

INSERT INTO STORED_HISTORY(STORED_NO,MEM_NO,STORED_DATE,STORED_TYPE,STORED_COST)
VALUES('S'||LPAD(STORED_NO.NEXTVAL,6,'0'),'M000005',TO_DATE('2017-08-13 15:32:09','YYYY-MM-DD HH24:MI:SS'),1,345);

INSERT INTO STORED_HISTORY(STORED_NO,MEM_NO,STORED_DATE,STORED_TYPE,STORED_COST)
VALUES('S'||LPAD(STORED_NO.NEXTVAL,6,'0'),'M000006',TO_DATE('2017-05-30 09:10:43','YYYY-MM-DD HH24:MI:SS'),1,599);

INSERT INTO STORED_HISTORY(STORED_NO,MEM_NO,STORED_DATE,STORED_TYPE,STORED_COST)
VALUES('S'||LPAD(STORED_NO.NEXTVAL,6,'0'),'M000008',TO_DATE('2017-03-28 19:50:10','YYYY-MM-DD HH24:MI:SS'),1,999);

INSERT INTO STORED_HISTORY(STORED_NO,MEM_NO,STORED_DATE,STORED_TYPE,STORED_COST)
VALUES('S'||LPAD(STORED_NO.NEXTVAL,6,'0'),'M000014',TO_DATE('2017-06-06 21:49:20','YYYY-MM-DD HH24:MI:SS'),1,799);

INSERT INTO STORED_HISTORY(STORED_NO,MEM_NO,STORED_DATE,STORED_TYPE,STORED_COST)
VALUES('S'||LPAD(STORED_NO.NEXTVAL,6,'0'),'M000004',TO_DATE('2017-09-14 10:20:51','YYYY-MM-DD HH24:MI:SS'),1,399);

INSERT INTO STORED_HISTORY(STORED_NO,MEM_NO,STORED_DATE,STORED_TYPE,STORED_COST)
VALUES('S'||LPAD(STORED_NO.NEXTVAL,6,'0'),'M000018',TO_DATE('2017-07-15 14:33:47','YYYY-MM-DD HH24:MI:SS'),1,599);

INSERT INTO STORED_HISTORY(STORED_NO,MEM_NO,STORED_DATE,STORED_TYPE,STORED_COST)
VALUES('S'||LPAD(STORED_NO.NEXTVAL,6,'0'),'M000007',TO_DATE('2017-02-20 16:37:18','YYYY-MM-DD HH24:MI:SS'),1,999);

COMMIT;

--FAQ FAKE DATA--

INSERT INTO FAQ(FAQ_NO,FAQ_CONTENT,FAQ_DATE)
VALUES('F'||LPAD(FAQ_NO.NEXTVAL,4,'0'),'Ｑ1、請問這個網站是做什麼的 ？ Ａ1、工具人出租平台本持著一個共享經濟的理念，所以有者主要能力或資源互惠共享的交換型式存在',TO_DATE('2017-06-27 12:33:54','YYYY-MM-DD HH24:MI:SS'));

INSERT INTO FAQ(FAQ_NO,FAQ_CONTENT,FAQ_DATE)
VALUES('F'||LPAD(FAQ_NO.NEXTVAL,4,'0'),'Ｑ2、請問我可以在這個網站得到什麼 ？ Ａ2、當你需要任何協助或幫忙的時候，可以在本平台上提出你的需求，平台上的會員將會提供所需的協助，只要在對方完成協助後提供自己當初與對方協議的報酬即可',TO_DATE('2017-06-27 12:33:54','YYYY-MM-DD HH24:MI:SS'));

INSERT INTO FAQ(FAQ_NO,FAQ_CONTENT,FAQ_DATE)
VALUES('F'||LPAD(FAQ_NO.NEXTVAL,4,'0'),'Ｑ3、我可以在這個網站認識到其他人嗎 ？ Ａ3、如果你是一個熱心助人或想要交朋友的人，在我們平台上你將有機會接觸到各類對象，當完成任務後，除了能得到對方的報酬，本平台也會提供積分能兌換你想要的商品',TO_DATE('2017-06-27 12:33:54','YYYY-MM-DD HH24:MI:SS'));

INSERT INTO FAQ(FAQ_NO,FAQ_CONTENT,FAQ_DATE)
VALUES('F'||LPAD(FAQ_NO.NEXTVAL,4,'0'),'Ｑ4、在這個平台有什麼需要注意的嗎　？　Ａ4、本平台僅提供會員們可以交流的環境，若會員在此發生什麼違反法律的事情，本平台一概不負任何責任，也請會員們不要輕易以身試法，謝謝!',TO_DATE('2017-06-27 12:33:54','YYYY-MM-DD HH24:MI:SS'));

COMMIT;

--關注的工具人 FOLLOW_TOOL_MAN FAKE DATA--

INSERT INTO FOLLOW_TOOL_MAN(FOLLOWER_MEM_NO,FOLLOWED_MEM_NO,FOLLOW_STATUS)
VALUES('M000001','M000002',0);

INSERT INTO FOLLOW_TOOL_MAN(FOLLOWER_MEM_NO,FOLLOWED_MEM_NO,FOLLOW_STATUS)
VALUES('M000002','M000003',0);

INSERT INTO FOLLOW_TOOL_MAN(FOLLOWER_MEM_NO,FOLLOWED_MEM_NO,FOLLOW_STATUS)
VALUES('M000003','M000001',0);

INSERT INTO FOLLOW_TOOL_MAN(FOLLOWER_MEM_NO,FOLLOWED_MEM_NO,FOLLOW_STATUS)
VALUES('M000003','M000004',0);

INSERT INTO FOLLOW_TOOL_MAN(FOLLOWER_MEM_NO,FOLLOWED_MEM_NO,FOLLOW_STATUS)
VALUES('M000005','M000020',0);

INSERT INTO FOLLOW_TOOL_MAN(FOLLOWER_MEM_NO,FOLLOWED_MEM_NO,FOLLOW_STATUS)
VALUES('M000006','M000019',0);

INSERT INTO FOLLOW_TOOL_MAN(FOLLOWER_MEM_NO,FOLLOWED_MEM_NO,FOLLOW_STATUS)
VALUES('M000007','M000018',0);

INSERT INTO FOLLOW_TOOL_MAN(FOLLOWER_MEM_NO,FOLLOWED_MEM_NO,FOLLOW_STATUS)
VALUES('M000008','M000017',0);

INSERT INTO FOLLOW_TOOL_MAN(FOLLOWER_MEM_NO,FOLLOWED_MEM_NO,FOLLOW_STATUS)
VALUES('M000015','M000016',0);

INSERT INTO FOLLOW_TOOL_MAN(FOLLOWER_MEM_NO,FOLLOWED_MEM_NO,FOLLOW_STATUS)
VALUES('M000009','M000015',0);

COMMIT;

--關係 RELATION FAKE DATA--

INSERT INTO RELATION(MEM_NO ,RELATED_MEM_NO ,RELATION_STATUS )
VALUES('M000001','M000002',1);

INSERT INTO RELATION(MEM_NO ,RELATED_MEM_NO ,RELATION_STATUS)
VALUES('M000002','M000003',2);

INSERT INTO RELATION(MEM_NO ,RELATED_MEM_NO ,RELATION_STATUS)
VALUES('M000003','M000001',3);

INSERT INTO RELATION(MEM_NO ,RELATED_MEM_NO ,RELATION_STATUS)
VALUES('M000005','M000020',2);

INSERT INTO RELATION(MEM_NO ,RELATED_MEM_NO ,RELATION_STATUS)
VALUES('M000006','M000019',2);

INSERT INTO RELATION(MEM_NO ,RELATED_MEM_NO ,RELATION_STATUS)
VALUES('M000007','M000018',1);

INSERT INTO RELATION(MEM_NO ,RELATED_MEM_NO ,RELATION_STATUS)
VALUES('M000008','M000017',1);

INSERT INTO RELATION(MEM_NO ,RELATED_MEM_NO ,RELATION_STATUS)
VALUES('M000015','M000016',2);

INSERT INTO RELATION(MEM_NO ,RELATED_MEM_NO ,RELATION_STATUS)
VALUES('M000009','M000015',1);

INSERT INTO RELATION(MEM_NO ,RELATED_MEM_NO ,RELATION_STATUS)
VALUES('M000010','M000020',2);

COMMIT;

--==================================================--

--家駿--

--員工 EMP FAKE DATA--

INSERT INTO EMP(EMP_NO,EMP_NAME,EMP_PWD,EMP_MAIL,EMP_JOB,EMP_PHONE,EMP_STATE)VALUES('E'||LPAD(EMP_SEQ.NEXTVAL,6,'0'),'小強',123,'a123@gmail.com','經理',3345678,'在職');
INSERT INTO EMP(EMP_NO,EMP_NAME,EMP_PWD,EMP_MAIL,EMP_JOB,EMP_PHONE,EMP_STATE)VALUES('E'||LPAD(EMP_SEQ.NEXTVAL,6,'0'),'小王',123,'b123@gmail.com','打掃',3345678,'在職');
INSERT INTO EMP(EMP_NO,EMP_NAME,EMP_PWD,EMP_MAIL,EMP_JOB,EMP_PHONE,EMP_STATE)VALUES('E'||LPAD(EMP_SEQ.NEXTVAL,6,'0'),'小龜',123,'c123@gmail.com','工人',3345678,'在職');
INSERT INTO EMP(EMP_NO,EMP_NAME,EMP_PWD,EMP_MAIL,EMP_JOB,EMP_PHONE,EMP_STATE)VALUES('E'||LPAD(EMP_SEQ.NEXTVAL,6,'0'),'小淫蟲',123,'d123@gmail.com','胡鬧',3345678,'在職');
INSERT INTO EMP(EMP_NO,EMP_NAME,EMP_PWD,EMP_MAIL,EMP_JOB,EMP_PHONE,EMP_STATE)VALUES('E'||LPAD(EMP_SEQ.NEXTVAL,6,'0'),'脫線',123,'d123@gmail.com','胡鬧',3345678,'在職');
INSERT INTO EMP(EMP_NO,EMP_NAME,EMP_PWD,EMP_MAIL,EMP_JOB,EMP_PHONE,EMP_STATE)VALUES('E'||LPAD(EMP_SEQ.NEXTVAL,6,'0'),'寶寶',123,'d123@gmail.com','殭屍',3345678,'在職');
INSERT INTO EMP(EMP_NO,EMP_NAME,EMP_PWD,EMP_MAIL,EMP_JOB,EMP_PHONE,EMP_STATE)VALUES('E'||LPAD(EMP_SEQ.NEXTVAL,6,'0'),'脫線寶',123,'d123@gmail.com','廠長',3345678,'在職');
INSERT INTO EMP(EMP_NO,EMP_NAME,EMP_PWD,EMP_MAIL,EMP_JOB,EMP_PHONE,EMP_STATE)VALUES('E'||LPAD(EMP_SEQ.NEXTVAL,6,'0'),'小BK',123,'d123@gmail.com','掃地',3345678,'在職');
INSERT INTO EMP(EMP_NO,EMP_NAME,EMP_PWD,EMP_MAIL,EMP_JOB,EMP_PHONE,EMP_STATE)VALUES('E'||LPAD(EMP_SEQ.NEXTVAL,6,'0'),'武藤',123,'d123@gmail.com','主任',3345678,'在職');
INSERT INTO EMP(EMP_NO,EMP_NAME,EMP_PWD,EMP_MAIL,EMP_JOB,EMP_PHONE,EMP_STATE)VALUES('E'||LPAD(EMP_SEQ.NEXTVAL,6,'0'),'武藤驊',123,'d123@gmail.com','員工',3345678,'在職');

--權限功能 AUTH FAKE DATA--

INSERT INTO AUTH(AUTH_NO,AUTH_NAME)VALUES('AU'||LPAD(AUTH_SEQ.NEXTVAL,6,'0'),'會員管理權限');
INSERT INTO AUTH(AUTH_NO,AUTH_NAME)VALUES('AU'||LPAD(AUTH_SEQ.NEXTVAL,6,'0'),'商品管理權限');
INSERT INTO AUTH(AUTH_NO,AUTH_NAME)VALUES('AU'||LPAD(AUTH_SEQ.NEXTVAL,6,'0'),'任務管理權限');
INSERT INTO AUTH(AUTH_NO,AUTH_NAME)VALUES('AU'||LPAD(AUTH_SEQ.NEXTVAL,6,'0'),'排行管理權限');

--員工權限 COMP FAKE DATA--

INSERT INTO COMP(EMP_NO,AUTH_NO)VALUES('E000001','AU000001');
INSERT INTO COMP(EMP_NO,AUTH_NO)VALUES('E000001','AU000002');
INSERT INTO COMP(EMP_NO,AUTH_NO)VALUES('E000001','AU000003');
INSERT INTO COMP(EMP_NO,AUTH_NO)VALUES('E000001','AU000004');
INSERT INTO COMP(EMP_NO,AUTH_NO)VALUES('E000002','AU000002');
INSERT INTO COMP(EMP_NO,AUTH_NO)VALUES('E000003','AU000003');
INSERT INTO COMP(EMP_NO,AUTH_NO)VALUES('E000004','AU000004');
INSERT INTO COMP(EMP_NO,AUTH_NO)VALUES('E000005','AU000001');
INSERT INTO COMP(EMP_NO,AUTH_NO)VALUES('E000005','AU000002');
INSERT INTO COMP(EMP_NO,AUTH_NO)VALUES('E000006','AU000002');
INSERT INTO COMP(EMP_NO,AUTH_NO)VALUES('E000006','AU000003');
INSERT INTO COMP(EMP_NO,AUTH_NO)VALUES('E000007','AU000003');
INSERT INTO COMP(EMP_NO,AUTH_NO)VALUES('E000007','AU000001');
INSERT INTO COMP(EMP_NO,AUTH_NO)VALUES('E000008','AU000004');
INSERT INTO COMP(EMP_NO,AUTH_NO)VALUES('E000008','AU000002');
INSERT INTO COMP(EMP_NO,AUTH_NO)VALUES('E000009','AU000001');
INSERT INTO COMP(EMP_NO,AUTH_NO)VALUES('E000009','AU000004');
INSERT INTO COMP(EMP_NO,AUTH_NO)VALUES('E000010','AU000004');
INSERT INTO COMP(EMP_NO,AUTH_NO)VALUES('E000010','AU000003');
INSERT INTO COMP(EMP_NO,AUTH_NO)VALUES('E000010','AU000002');

--成就 ACHIEVE FAKE DATA--

INSERT INTO ACHIEVE(ACH_NO,ACH_NAME,ACH_EXPLAIN)VALUES('AC'||LPAD(ACH_SEQ.NEXTVAL,6,'0'),'初階','已完成十項任務');
INSERT INTO ACHIEVE(ACH_NO,ACH_NAME,ACH_EXPLAIN)VALUES('AC'||LPAD(ACH_SEQ.NEXTVAL,6,'0'),'中階','已完成百項任務');
INSERT INTO ACHIEVE(ACH_NO,ACH_NAME,ACH_EXPLAIN)VALUES('AC'||LPAD(ACH_SEQ.NEXTVAL,6,'0'),'高階','已完成千項任務');

--成就明細 ACHIEVE_DETAIL FAKE DATA--

INSERT INTO ACH_DETAIL(MEM_NO,ACH_NO,ACH_TIME)VALUES('M000001','AC000001',TO_DATE('2015-12-10 00:00:00','YYYY-MM-DD HH24:MI:SS'));
INSERT INTO ACH_DETAIL(MEM_NO,ACH_NO,ACH_TIME)VALUES('M000001','AC000002',TO_DATE('2015-12-11 00:00:00','YYYY-MM-DD HH24:MI:SS'));
INSERT INTO ACH_DETAIL(MEM_NO,ACH_NO,ACH_TIME)VALUES('M000001','AC000003',TO_DATE('2015-12-12 00:00:00','YYYY-MM-DD HH24:MI:SS'));
INSERT INTO ACH_DETAIL(MEM_NO,ACH_NO,ACH_TIME)VALUES('M000002','AC000001',TO_DATE('2016-1-13 00:00:00','YYYY-MM-DD HH24:MI:SS'));
INSERT INTO ACH_DETAIL(MEM_NO,ACH_NO,ACH_TIME)VALUES('M000002','AC000002',TO_DATE('2016-1-14 00:00:00','YYYY-MM-DD HH24:MI:SS'));
INSERT INTO ACH_DETAIL(MEM_NO,ACH_NO,ACH_TIME)VALUES('M000003','AC000001',TO_DATE('2017-9-17 00:00:00','YYYY-MM-DD HH24:MI:SS'));

--排行榜 RANK FAKE DATA--

INSERT INTO RANK(MEM_NO,DAY_NUMBER_RANK,DAY_SCORE_RANK,WEEK_NUMBER_RANK,MONTH_NUMBER_RANK,SEASON_NUMBER_RANK,WEEK_SCORE_RANK,MONTH_SCORE_RANK,SEASON_SCORE_RANK)
VALUES('M000001',3,5,7,8,9,1,2,2);
INSERT INTO RANK(MEM_NO,DAY_NUMBER_RANK,DAY_SCORE_RANK,WEEK_NUMBER_RANK,MONTH_NUMBER_RANK,SEASON_NUMBER_RANK,WEEK_SCORE_RANK,MONTH_SCORE_RANK,SEASON_SCORE_RANK)
VALUES('M000002',5,4,9,7,3,4,7,1);
INSERT INTO RANK(MEM_NO,DAY_NUMBER_RANK,DAY_SCORE_RANK,WEEK_NUMBER_RANK,MONTH_NUMBER_RANK,SEASON_NUMBER_RANK,WEEK_SCORE_RANK,MONTH_SCORE_RANK,SEASON_SCORE_RANK)
VALUES('M000003',4,8,4,6,8,9,5,8);
INSERT INTO RANK(MEM_NO,DAY_NUMBER_RANK,DAY_SCORE_RANK,WEEK_NUMBER_RANK,MONTH_NUMBER_RANK,SEASON_NUMBER_RANK,WEEK_SCORE_RANK,MONTH_SCORE_RANK,SEASON_SCORE_RANK)
VALUES('M000004',5,7,1,1,3,8,7,6);
INSERT INTO RANK(MEM_NO,DAY_NUMBER_RANK,DAY_SCORE_RANK,WEEK_NUMBER_RANK,MONTH_NUMBER_RANK,SEASON_NUMBER_RANK,WEEK_SCORE_RANK,MONTH_SCORE_RANK,SEASON_SCORE_RANK)
VALUES('M000005',1,7,6,5,5,2,6,7);
INSERT INTO RANK(MEM_NO,DAY_NUMBER_RANK,DAY_SCORE_RANK,WEEK_NUMBER_RANK,MONTH_NUMBER_RANK,SEASON_NUMBER_RANK,WEEK_SCORE_RANK,MONTH_SCORE_RANK,SEASON_SCORE_RANK)
VALUES('M000006',6,8,2,7,4,6,6,3);
INSERT INTO RANK(MEM_NO,DAY_NUMBER_RANK,DAY_SCORE_RANK,WEEK_NUMBER_RANK,MONTH_NUMBER_RANK,SEASON_NUMBER_RANK,WEEK_SCORE_RANK,MONTH_SCORE_RANK,SEASON_SCORE_RANK)
VALUES('M000007',3,5,4,6,6,8,2,5);
INSERT INTO RANK(MEM_NO,DAY_NUMBER_RANK,DAY_SCORE_RANK,WEEK_NUMBER_RANK,MONTH_NUMBER_RANK,SEASON_NUMBER_RANK,WEEK_SCORE_RANK,MONTH_SCORE_RANK,SEASON_SCORE_RANK)
VALUES('M000008',1,5,6,8,7,1,3,3);
INSERT INTO RANK(MEM_NO,DAY_NUMBER_RANK,DAY_SCORE_RANK,WEEK_NUMBER_RANK,MONTH_NUMBER_RANK,SEASON_NUMBER_RANK,WEEK_SCORE_RANK,MONTH_SCORE_RANK,SEASON_SCORE_RANK)
VALUES('M000009',3,3,7,8,5,1,5,2);
INSERT INTO RANK(MEM_NO,DAY_NUMBER_RANK,DAY_SCORE_RANK,WEEK_NUMBER_RANK,MONTH_NUMBER_RANK,SEASON_NUMBER_RANK,WEEK_SCORE_RANK,MONTH_SCORE_RANK,SEASON_SCORE_RANK)
VALUES('M000010',3,5,7,3,4,4,1,2);

--==================================================--

--勝驊--

--任務 MISSION FAKE DATA--

INSERT INTO MISSION(MISSION_NO, MISSION_CATEGORY , MISSION_NAME , MISSION_DES , ISSUER_MEM_NO ,  MISSION_RELEASE_TIME , MISSION_DUE_TIME , MISSION_STATE , MISSION_PATTERN ,MISSION_PAY)
VALUES('MISSION'||LPAD(to_char(MISSION_SEQ.NEXTVAL),9,'0'),'教育','教教我英文','幫幫我,我的英文爛的跟狗屎一樣 大QQ' , 'M000003', to_date('2017/10/25','yyyy/mm/dd'),to_date('2017/10/30','yyyy/mm/dd'),1,2,50.00 );

INSERT INTO MISSION(MISSION_NO, MISSION_CATEGORY , MISSION_NAME , MISSION_DES , ISSUER_MEM_NO ,  MISSION_RELEASE_TIME , MISSION_DUE_TIME , MISSION_STATE , MISSION_PATTERN ,MISSION_PAY)
VALUES('MISSION'||LPAD(to_char(MISSION_SEQ.NEXTVAL),9,'0') ,'其他','幫我打掃','阿~~~這個房間有蟑螂!!!幫我打掃我給你一頓飯喔 PS.我是正妹' , 'M000001', to_date('2017/10/25','yyyy/mm/dd'),to_date('2017/10/30','yyyy/mm/dd'),1,2,10.00 );

INSERT INTO MISSION(MISSION_NO, MISSION_CATEGORY , MISSION_NAME , MISSION_DES , ISSUER_MEM_NO ,  MISSION_RELEASE_TIME , MISSION_DUE_TIME , MISSION_STATE , MISSION_PATTERN ,MISSION_PAY)
VALUES('MISSION'||LPAD(to_char(MISSION_SEQ.NEXTVAL),9,'0'),'修繕','幫我修電腦','電腦最近當當的,常常藍屏,跪求大大解救!!' , 'M000003', to_date('2017/10/25','yyyy/mm/dd'),to_date('2017/10/30','yyyy/mm/dd'),1,1,500.00 );

INSERT INTO MISSION(MISSION_NO, MISSION_CATEGORY , MISSION_NAME , MISSION_DES , ISSUER_MEM_NO ,  MISSION_RELEASE_TIME , MISSION_DUE_TIME , MISSION_STATE , MISSION_PATTERN ,MISSION_PAY)
VALUES('MISSION'||LPAD(to_char(MISSION_SEQ.NEXTVAL),9,'0'),'修繕','幫我修理我的心','最近失戀了,可以幫我縫補我破碎的心嗎?' , 'M000002', to_date('2017/10/25','yyyy/mm/dd'),to_date('2017/10/30','yyyy/mm/dd'),1,1,1000.00 );

INSERT INTO MISSION(MISSION_NO, MISSION_CATEGORY , MISSION_NAME , MISSION_DES , ISSUER_MEM_NO ,  MISSION_RELEASE_TIME , MISSION_DUE_TIME , MISSION_STATE , MISSION_PATTERN ,MISSION_PAY)
VALUES('MISSION'||LPAD(to_char(MISSION_SEQ.NEXTVAL),9,'0'),'修繕','紗窗問題','痾...紗窗壞壞,拜託幫幫' , 'M000003', to_date('2017/10/25','yyyy/mm/dd'),to_date('2017/10/30','yyyy/mm/dd'),1,1,1000.00 );

INSERT INTO MISSION(MISSION_NO, MISSION_CATEGORY , MISSION_NAME , MISSION_DES , ISSUER_MEM_NO ,  MISSION_RELEASE_TIME , MISSION_DUE_TIME , MISSION_STATE , MISSION_PATTERN ,MISSION_PAY)
VALUES('MISSION'||LPAD(to_char(MISSION_SEQ.NEXTVAL),9,'0'),'教育','教育的喔','我想知道咪咪長怎樣可以告訴我嗎~XD' , 'M000002', to_date('2017/10/25','yyyy/mm/dd'),to_date('2017/10/30','yyyy/mm/dd'),1,2,2000.00 );

INSERT INTO MISSION(MISSION_NO, MISSION_CATEGORY , MISSION_NAME , MISSION_DES , ISSUER_MEM_NO ,  MISSION_RELEASE_TIME , MISSION_DUE_TIME , MISSION_STATE , MISSION_PATTERN ,MISSION_PAY)
VALUES('MISSION'||LPAD(to_char(MISSION_SEQ.NEXTVAL),9,'0'),'其他','買午餐','最近下雨懶洋洋,給我一個可以幫我買午餐的人吧~' , 'M000003', to_date('2017/11/3','yyyy/mm/dd'),to_date('2017/11/8','yyyy/mm/dd'),1,1,20.00 );

INSERT INTO MISSION(MISSION_NO, MISSION_CATEGORY , MISSION_NAME , MISSION_DES , ISSUER_MEM_NO ,  MISSION_RELEASE_TIME , MISSION_DUE_TIME , MISSION_STATE , MISSION_PATTERN ,MISSION_PAY)
VALUES('MISSION'||LPAD(to_char(MISSION_SEQ.NEXTVAL),9,'0'),'其他','洗衣服','請天上掉下來一個人幫我洗衣服吧~' , 'M000004', to_date('2017/11/3','yyyy/mm/dd'),to_date('2017/11/8','yyyy/mm/dd'),1,2,60.00 );

INSERT INTO MISSION(MISSION_NO, MISSION_CATEGORY , MISSION_NAME , MISSION_DES , ISSUER_MEM_NO ,  MISSION_RELEASE_TIME , MISSION_DUE_TIME , MISSION_STATE , MISSION_PATTERN ,MISSION_PAY)
VALUES('MISSION'||LPAD(to_char(MISSION_SEQ.NEXTVAL),9,'0'),'教育','工數','救救我的工數!!!拜託拯救~' , 'M000003', to_date('2017/11/3','yyyy/mm/dd'),to_date('2017/11/8','yyyy/mm/dd'),1,2,200.00 );

INSERT INTO MISSION(MISSION_NO, MISSION_CATEGORY , MISSION_NAME , MISSION_DES , ISSUER_MEM_NO ,  MISSION_RELEASE_TIME , MISSION_DUE_TIME , MISSION_STATE , MISSION_PATTERN ,MISSION_PAY)
VALUES('MISSION'||LPAD(to_char(MISSION_SEQ.NEXTVAL),9,'0'),'其他','需要主持人','呼叫!呼叫!即刻救援~!!!這裡需要一個可以主持婚禮的人阿!!!' , 'M000001', to_date('2017/11/3','yyyy/mm/dd'),to_date('2017/11/8','yyyy/mm/dd'),1,1,2500.00 );

INSERT INTO MISSION(MISSION_NO, MISSION_CATEGORY , MISSION_NAME , MISSION_DES , ISSUER_MEM_NO ,  MISSION_RELEASE_TIME , MISSION_DUE_TIME , MISSION_STATE , MISSION_PATTERN ,MISSION_PAY)
VALUES('MISSION'||LPAD(to_char(MISSION_SEQ.NEXTVAL),9,'0'),'其他','一起吃個晚餐吧','嘿!有沒有人要一起揪晚餐阿' , 'M000002', to_date('2017/11/3','yyyy/mm/dd'),to_date('2017/11/8','yyyy/mm/dd'),1,2,50.00 );

INSERT INTO MISSION(MISSION_NO, MISSION_CATEGORY , MISSION_NAME , MISSION_DES , ISSUER_MEM_NO ,  MISSION_RELEASE_TIME , MISSION_DUE_TIME , MISSION_STATE , MISSION_PATTERN ,MISSION_PAY)
VALUES('MISSION'||LPAD(to_char(MISSION_SEQ.NEXTVAL),9,'0'),'教育', '物理','恩...可以幫幫我的物理嗎~快被當了QQ' , 'M000004', to_date('2017/11/3','yyyy/mm/dd'),to_date('2017/11/8','yyyy/mm/dd'),1,2,50.00 );

INSERT INTO MISSION(MISSION_NO, MISSION_CATEGORY , MISSION_NAME , MISSION_DES , ISSUER_MEM_NO ,  MISSION_RELEASE_TIME , MISSION_DUE_TIME , MISSION_STATE , MISSION_PATTERN ,MISSION_PAY)
VALUES('MISSION'||LPAD(to_char(MISSION_SEQ.NEXTVAL),9,'0'),'修繕','砂輪機壞了','靠~!!機台壞了!跪求大神幫忙~阿阿阿!!作業要GG了阿' , 'M000004', to_date('2017/11/3','yyyy/mm/dd'),to_date('2017/11/8','yyyy/mm/dd'),1,2,50.00 );

INSERT INTO MISSION(MISSION_NO, MISSION_CATEGORY , MISSION_NAME , MISSION_DES , ISSUER_MEM_NO ,  MISSION_RELEASE_TIME , MISSION_DUE_TIME , MISSION_STATE , MISSION_PATTERN ,MISSION_PAY)
VALUES('MISSION'||LPAD(to_char(MISSION_SEQ.NEXTVAL),9,'0'),'其他','顧小孩','恩...最近事情一大堆~需要一個人幫我顧小孩~!' , 'M000001', to_date('2017/11/3','yyyy/mm/dd'),to_date('2017/11/8','yyyy/mm/dd'),1,2,700.00 );

INSERT INTO MISSION(MISSION_NO, MISSION_CATEGORY , MISSION_NAME , MISSION_DES , ISSUER_MEM_NO ,  MISSION_RELEASE_TIME , MISSION_DUE_TIME , MISSION_STATE , MISSION_PATTERN ,MISSION_PAY)
VALUES('MISSION'||LPAD(to_char(MISSION_SEQ.NEXTVAL),9,'0'),'修繕','馬桶壞了QQ','糟糕糟糕,馬桶壞了!!!求幫幫' , 'M000001', to_date('2017/11/3','yyyy/mm/dd'),to_date('2017/11/8','yyyy/mm/dd'),1,2,100.00 );

INSERT INTO MISSION(MISSION_NO, MISSION_CATEGORY , MISSION_NAME , MISSION_DES , ISSUER_MEM_NO ,TAKECASE_MEM_NO,  MISSION_RELEASE_TIME , MISSION_DUE_TIME , MISSION_STATE , MISSION_PATTERN ,MISSION_PAY) 
VALUES('MISSION'||LPAD(to_char(MISSION_SEQ.NEXTVAL),9,'0'),'其他','癢癢臭臭der','就是癢癢的啊','M000005','M000016',to_date('2017/10/25','yyyy/mm/dd'),to_date('2017/10/27','yyyy/mm/dd'),8,2,20);

INSERT INTO MISSION(MISSION_NO, MISSION_CATEGORY , MISSION_NAME , MISSION_DES , ISSUER_MEM_NO ,TAKECASE_MEM_NO,  MISSION_RELEASE_TIME , MISSION_DUE_TIME , MISSION_STATE , MISSION_PATTERN ,MISSION_PAY) 
VALUES('MISSION'||LPAD(to_char(MISSION_SEQ.NEXTVAL),9,'0'),'其他','積積陰陰德','最近有點陰','M000006','M000010',to_date('2017/10/17','yyyy/mm/dd'),to_date('2017/10/19','yyyy/mm/dd'),8,2,50);

INSERT INTO MISSION(MISSION_NO, MISSION_CATEGORY , MISSION_NAME , MISSION_DES , ISSUER_MEM_NO ,TAKECASE_MEM_NO,  MISSION_RELEASE_TIME , MISSION_DUE_TIME , MISSION_STATE , MISSION_PATTERN ,MISSION_PAY) 
VALUES('MISSION'||LPAD(to_char(MISSION_SEQ.NEXTVAL),9,'0'),'修繕','需要修理靈車','如果可以的話請快點，我們趕著要過河','M000007','M000004',to_date('2017/10/13','yyyy/mm/dd'),to_date('2017/10/15','yyyy/mm/dd'),8,2,20);

INSERT INTO MISSION(MISSION_NO, MISSION_CATEGORY , MISSION_NAME , MISSION_DES , ISSUER_MEM_NO ,TAKECASE_MEM_NO,  MISSION_RELEASE_TIME , MISSION_DUE_TIME , MISSION_STATE , MISSION_PATTERN ,MISSION_PAY) 
VALUES('MISSION'||LPAD(to_char(MISSION_SEQ.NEXTVAL),9,'0'),'修繕','機車在高速公路爆炸','騎到一半就爆炸了，在五股交流道這裡','M000008','M000005',to_date('2017/10/09','yyyy/mm/dd'),to_date('2017/10/11','yyyy/mm/dd'),8,2,40);

INSERT INTO MISSION(MISSION_NO, MISSION_CATEGORY , MISSION_NAME , MISSION_DES , ISSUER_MEM_NO ,TAKECASE_MEM_NO,  MISSION_RELEASE_TIME , MISSION_DUE_TIME , MISSION_STATE , MISSION_PATTERN ,MISSION_PAY) 
VALUES('MISSION'||LPAD(to_char(MISSION_SEQ.NEXTVAL),9,'0'),'修繕','有人會修火箭嗎','再過30分鐘後要發射了請問有人會修嗎','M000009','M000006',to_date('2017/10/05','yyyy/mm/dd'),to_date('2017/10/07','yyyy/mm/dd'),8,2,30);

INSERT INTO MISSION(MISSION_NO, MISSION_CATEGORY , MISSION_NAME , MISSION_DES , ISSUER_MEM_NO ,TAKECASE_MEM_NO,  MISSION_RELEASE_TIME , MISSION_DUE_TIME , MISSION_STATE , MISSION_PATTERN ,MISSION_PAY) 
VALUES('MISSION'||LPAD(to_char(MISSION_SEQ.NEXTVAL),9,'0'),'交友','給我你的愛','給我你的愛手拉著手不放開','M000010',NULL,to_date('2017/10/01','yyyy/mm/dd'),to_date('2017/10/03','yyyy/mm/dd'),1,2,30);

INSERT INTO MISSION(MISSION_NO, MISSION_CATEGORY , MISSION_NAME , MISSION_DES , ISSUER_MEM_NO ,TAKECASE_MEM_NO,  MISSION_RELEASE_TIME , MISSION_DUE_TIME , MISSION_STATE , MISSION_PATTERN ,MISSION_PAY) 
VALUES('MISSION'||LPAD(to_char(MISSION_SEQ.NEXTVAL),9,'0'),'交友','專屬天使','你是我的專屬天使嗎?','M000011',NULL,to_date('2017/09/27','yyyy/mm/dd'),to_date('2017/09/29','yyyy/mm/dd'),1,2,20);

INSERT INTO MISSION(MISSION_NO, MISSION_CATEGORY , MISSION_NAME , MISSION_DES , ISSUER_MEM_NO ,TAKECASE_MEM_NO,  MISSION_RELEASE_TIME , MISSION_DUE_TIME , MISSION_STATE , MISSION_PATTERN ,MISSION_PAY) 
VALUES('MISSION'||LPAD(to_char(MISSION_SEQ.NEXTVAL),9,'0'),'交友','那不是雪中紅','有人可以陪我一起失戀嗎','M000012',NULL,to_date('2017/09/23','yyyy/mm/dd'),to_date('2017/09/25','yyyy/mm/dd'),1,2,30);

INSERT INTO MISSION(MISSION_NO, MISSION_CATEGORY , MISSION_NAME , MISSION_DES , ISSUER_MEM_NO ,TAKECASE_MEM_NO,  MISSION_RELEASE_TIME , MISSION_DUE_TIME , MISSION_STATE , MISSION_PATTERN ,MISSION_PAY) 
VALUES('MISSION'||LPAD(to_char(MISSION_SEQ.NEXTVAL),9,'0'),'其他','而我聽見下雨的聲音','幫我帶傘謝謝','M000013',NULL,to_date('2017/09/19','yyyy/mm/dd'),to_date('2017/09/21','yyyy/mm/dd'),1,2,20);

INSERT INTO MISSION(MISSION_NO, MISSION_CATEGORY , MISSION_NAME , MISSION_DES , ISSUER_MEM_NO ,TAKECASE_MEM_NO,  MISSION_RELEASE_TIME , MISSION_DUE_TIME , MISSION_STATE , MISSION_PATTERN ,MISSION_PAY) 
VALUES('MISSION'||LPAD(to_char(MISSION_SEQ.NEXTVAL),9,'0'),'教育','人生碰到了障礙','我覺得最近很難過，我已經買好槍了','M000014',NULL,to_date('2017/09/15','yyyy/mm/dd'),to_date('2017/09/17','yyyy/mm/dd'),1,2,50);

INSERT INTO MISSION(MISSION_NO, MISSION_CATEGORY , MISSION_NAME , MISSION_DES , ISSUER_MEM_NO ,TAKECASE_MEM_NO,  MISSION_RELEASE_TIME , MISSION_DUE_TIME , MISSION_STATE , MISSION_PATTERN ,MISSION_PAY) 
VALUES('MISSION'||LPAD(to_char(MISSION_SEQ.NEXTVAL),9,'0'),'教育','徵求西班牙文家教','本科系，留學過佳','M000015',NULL,to_date('2017/09/11','yyyy/mm/dd'),to_date('2017/09/13','yyyy/mm/dd'),1,2,30);

INSERT INTO MISSION(MISSION_NO, MISSION_CATEGORY , MISSION_NAME , MISSION_DES , ISSUER_MEM_NO ,TAKECASE_MEM_NO,  MISSION_RELEASE_TIME , MISSION_DUE_TIME , MISSION_STATE , MISSION_PATTERN ,MISSION_PAY) 
VALUES('MISSION'||LPAD(to_char(MISSION_SEQ.NEXTVAL),9,'0'),'教育','徵求巨乳家教','嘿嘿嘿','M000016',NULL,to_date('2017/09/07','yyyy/mm/dd'),to_date('2017/09/09','yyyy/mm/dd'),1,2,30);

INSERT INTO MISSION(MISSION_NO, MISSION_CATEGORY , MISSION_NAME , MISSION_DES , ISSUER_MEM_NO ,TAKECASE_MEM_NO,  MISSION_RELEASE_TIME , MISSION_DUE_TIME , MISSION_STATE , MISSION_PATTERN ,MISSION_PAY) 
VALUES('MISSION'||LPAD(to_char(MISSION_SEQ.NEXTVAL),9,'0'),'修繕','身上水龍頭壞了','不知道為什麼最近尿尿都會滴到鞋','M000017',NULL,to_date('2017/09/03','yyyy/mm/dd'),to_date('2017/09/05','yyyy/mm/dd'),1,2,40);

INSERT INTO MISSION(MISSION_NO, MISSION_CATEGORY , MISSION_NAME , MISSION_DES , ISSUER_MEM_NO ,TAKECASE_MEM_NO,  MISSION_RELEASE_TIME , MISSION_DUE_TIME , MISSION_STATE , MISSION_PATTERN ,MISSION_PAY) 
VALUES('MISSION'||LPAD(to_char(MISSION_SEQ.NEXTVAL),9,'0'),'修繕','木星的探測器壞了','這裡是歐洲航天中心，不要理NASA，急徵','M000018',NULL,to_date('2017/08/30','yyyy/mm/dd'),to_date('2017/09/01','yyyy/mm/dd'),1,2,30);

INSERT INTO MISSION(MISSION_NO, MISSION_CATEGORY , MISSION_NAME , MISSION_DES , ISSUER_MEM_NO ,TAKECASE_MEM_NO,  MISSION_RELEASE_TIME , MISSION_DUE_TIME , MISSION_STATE , MISSION_PATTERN ,MISSION_PAY) 
VALUES('MISSION'||LPAD(to_char(MISSION_SEQ.NEXTVAL),9,'0'),'修繕','過20分鐘後要發射','這裡是NASA，吵到抱歉','M000019',NULL,to_date('2017/08/26','yyyy/mm/dd'),to_date('2017/08/28','yyyy/mm/dd'),1,2,20);

INSERT INTO MISSION(MISSION_NO, MISSION_CATEGORY , MISSION_NAME , MISSION_DES , ISSUER_MEM_NO ,TAKECASE_MEM_NO,  MISSION_RELEASE_TIME , MISSION_DUE_TIME , MISSION_STATE , MISSION_PATTERN ,MISSION_PAY) 
VALUES('MISSION'||LPAD(to_char(MISSION_SEQ.NEXTVAL),9,'0'),'交友','你算甚麼男人','MV甜點看起來好好ㄘ喔','M000020',NULL,to_date('2017/08/22','yyyy/mm/dd'),to_date('2017/08/24','yyyy/mm/dd'),1,2,30);

INSERT INTO MISSION(MISSION_NO, MISSION_CATEGORY , MISSION_NAME , MISSION_DES , ISSUER_MEM_NO ,TAKECASE_MEM_NO,  MISSION_RELEASE_TIME , MISSION_DUE_TIME , MISSION_STATE , MISSION_PATTERN ,MISSION_PAY) 
VALUES('MISSION'||LPAD(to_char(MISSION_SEQ.NEXTVAL),9,'0'),'交友','我忌妒你的愛氣勢如虹','像個人氣高居不下的天后','M000003',NULL,to_date('2017/08/18','yyyy/mm/dd'),to_date('2017/08/20','yyyy/mm/dd'),1,2,10);

INSERT INTO MISSION(MISSION_NO, MISSION_CATEGORY , MISSION_NAME , MISSION_DES , ISSUER_MEM_NO ,TAKECASE_MEM_NO,  MISSION_RELEASE_TIME , MISSION_DUE_TIME , MISSION_STATE , MISSION_PATTERN ,MISSION_PAY) 
VALUES('MISSION'||LPAD(to_char(MISSION_SEQ.NEXTVAL),9,'0'),'交友','當你孤單你會想起誰:)','你想不想找個人來陪','M000004',NULL,to_date('2017/08/14','yyyy/mm/dd'),to_date('2017/08/16','yyyy/mm/dd'),1,2,30);

INSERT INTO MISSION(MISSION_NO, MISSION_CATEGORY , MISSION_NAME , MISSION_DES , ISSUER_MEM_NO ,TAKECASE_MEM_NO,  MISSION_RELEASE_TIME , MISSION_DUE_TIME , MISSION_STATE , MISSION_PATTERN ,MISSION_PAY) 
VALUES('MISSION'||LPAD(to_char(MISSION_SEQ.NEXTVAL),9,'0'),'其他','請人試喝我的湯','地點在奈何橋附近','M000005',NULL,to_date('2017/08/10','yyyy/mm/dd'),to_date('2017/08/12','yyyy/mm/dd'),1,2,20);

INSERT INTO MISSION(MISSION_NO, MISSION_CATEGORY , MISSION_NAME , MISSION_DES , ISSUER_MEM_NO ,TAKECASE_MEM_NO,  MISSION_RELEASE_TIME , MISSION_DUE_TIME , MISSION_STATE , MISSION_PATTERN ,MISSION_PAY) 
VALUES('MISSION'||LPAD(to_char(MISSION_SEQ.NEXTVAL),9,'0'),'其他','當我想起你怎會淚流','當你開心的時候，也是我快樂的時候','M000006',NULL,to_date('2017/08/06','yyyy/mm/dd'),to_date('2017/08/08','yyyy/mm/dd'),1,2,30);





--任務圖片 MISSION_IMAGES FAKE DATA--

INSERT INTO MISSION_IMAGES(IMAGE_NO , MISSION_NO, ISSUER_MEM_NO)
VALUES('PIC'||LPAD(IMAGE_SEQ.NEXTVAL,6,'0'),'MISSION000000002','M000001');

INSERT INTO MISSION_IMAGES(IMAGE_NO , MISSION_NO, ISSUER_MEM_NO)
VALUES('PIC'||LPAD(IMAGE_SEQ.NEXTVAL,6,'0'),'MISSION000000002','M000001');

INSERT INTO MISSION_IMAGES(IMAGE_NO , MISSION_NO, ISSUER_MEM_NO)
VALUES('PIC'||LPAD(IMAGE_SEQ.NEXTVAL,6,'0'),'MISSION000000002','M000001');

INSERT INTO MISSION_IMAGES(IMAGE_NO , MISSION_NO, ISSUER_MEM_NO)
VALUES('PIC'||LPAD(IMAGE_SEQ.NEXTVAL,6,'0'),'MISSION000000002','M000001');

INSERT INTO MISSION_IMAGES(IMAGE_NO , MISSION_NO, ISSUER_MEM_NO)
VALUES('PIC'||LPAD(IMAGE_SEQ.NEXTVAL,6,'0'),'MISSION000000002','M000001');

INSERT INTO MISSION_IMAGES(IMAGE_NO , MISSION_NO, ISSUER_MEM_NO)
VALUES('PIC'||LPAD(IMAGE_SEQ.NEXTVAL,6,'0'),'MISSION000000002','M000001');

INSERT INTO MISSION_IMAGES(IMAGE_NO , MISSION_NO, ISSUER_MEM_NO)
VALUES('PIC'||LPAD(IMAGE_SEQ.NEXTVAL,6,'0'),'MISSION000000001','M000003');

INSERT INTO MISSION_IMAGES(IMAGE_NO , MISSION_NO, ISSUER_MEM_NO)
VALUES('PIC'||LPAD(IMAGE_SEQ.NEXTVAL,6,'0'),'MISSION000000001','M000003');

INSERT INTO MISSION_IMAGES(IMAGE_NO , MISSION_NO, ISSUER_MEM_NO)
VALUES('PIC'||LPAD(IMAGE_SEQ.NEXTVAL,6,'0'),'MISSION000000003','M000003');

INSERT INTO MISSION_IMAGES(IMAGE_NO , MISSION_NO, ISSUER_MEM_NO)
VALUES('PIC'||LPAD(IMAGE_SEQ.NEXTVAL,6,'0'),'MISSION000000003','M000003');

INSERT INTO MISSION_IMAGES(IMAGE_NO , MISSION_NO, ISSUER_MEM_NO)
VALUES('PIC'||LPAD(IMAGE_SEQ.NEXTVAL,6,'0'),'MISSION000000004','M000002');

INSERT INTO MISSION_IMAGES(IMAGE_NO , MISSION_NO, ISSUER_MEM_NO)
VALUES('PIC'||LPAD(IMAGE_SEQ.NEXTVAL,6,'0'),'MISSION000000005','M000003');

INSERT INTO MISSION_IMAGES(IMAGE_NO , MISSION_NO, ISSUER_MEM_NO)
VALUES('PIC'||LPAD(IMAGE_SEQ.NEXTVAL,6,'0'),'MISSION000000006','M000002');

INSERT INTO MISSION_IMAGES(IMAGE_NO , MISSION_NO, ISSUER_MEM_NO)
VALUES('PIC'||LPAD(IMAGE_SEQ.NEXTVAL,6,'0'),'MISSION000000007','M000003');

INSERT INTO MISSION_IMAGES(IMAGE_NO , MISSION_NO, ISSUER_MEM_NO)
VALUES('PIC'||LPAD(IMAGE_SEQ.NEXTVAL,6,'0'),'MISSION000000008','M000004');

INSERT INTO MISSION_IMAGES(IMAGE_NO , MISSION_NO, ISSUER_MEM_NO)
VALUES('PIC'||LPAD(IMAGE_SEQ.NEXTVAL,6,'0'),'MISSION000000009','M000003');

INSERT INTO MISSION_IMAGES(IMAGE_NO , MISSION_NO, ISSUER_MEM_NO)
VALUES('PIC'||LPAD(IMAGE_SEQ.NEXTVAL,6,'0'),'MISSION000000010','M000001');

INSERT INTO MISSION_IMAGES(IMAGE_NO , MISSION_NO, ISSUER_MEM_NO)
VALUES('PIC'||LPAD(IMAGE_SEQ.NEXTVAL,6,'0'),'MISSION000000011','M000002');

INSERT INTO MISSION_IMAGES(IMAGE_NO , MISSION_NO, ISSUER_MEM_NO)
VALUES('PIC'||LPAD(IMAGE_SEQ.NEXTVAL,6,'0'),'MISSION000000012','M000004');

INSERT INTO MISSION_IMAGES(IMAGE_NO , MISSION_NO, ISSUER_MEM_NO)
VALUES('PIC'||LPAD(IMAGE_SEQ.NEXTVAL,6,'0'),'MISSION000000013','M000004');

INSERT INTO MISSION_IMAGES(IMAGE_NO , MISSION_NO, ISSUER_MEM_NO)
VALUES('PIC'||LPAD(IMAGE_SEQ.NEXTVAL,6,'0'),'MISSION000000014','M000001');

INSERT INTO MISSION_IMAGES(IMAGE_NO , MISSION_NO, ISSUER_MEM_NO)
VALUES('PIC'||LPAD(IMAGE_SEQ.NEXTVAL,6,'0'),'MISSION000000015','M000001');

COMMIT;

--接案候選人 CASE_CANDIDATE FAKE DATA--

INSERT INTO CASE_CANDIDATE(CANDIDATE_MEM_NO ,MISSION_NO)
VALUES('M000001','MISSION000000001');
INSERT INTO CASE_CANDIDATE(CANDIDATE_MEM_NO ,MISSION_NO)
VALUES('M000002','MISSION000000001');
INSERT INTO CASE_CANDIDATE(CANDIDATE_MEM_NO ,MISSION_NO)
VALUES('M000004','MISSION000000004');
INSERT INTO CASE_CANDIDATE(CANDIDATE_MEM_NO ,MISSION_NO)
VALUES('M000003','MISSION000000002');
INSERT INTO CASE_CANDIDATE(CANDIDATE_MEM_NO ,MISSION_NO)
VALUES('M000004','MISSION000000005');
INSERT INTO CASE_CANDIDATE(CANDIDATE_MEM_NO ,MISSION_NO)
VALUES('M000002','MISSION000000006');
COMMIT;

--檢舉案件 ACCUSE_CASE--

INSERT INTO ACCUSE_CASE(ACCUSE_NO, MISSION_NO ,ACCUSER_NO ,EMP_NO ,ACCUSE_DATE  , ACCUSE_DETAIL,ACCUSE_STATE)
VALUES(to_char(sysdate,'yyyymmdd')||'ACC'||LPAD(to_char(ACCUSE_SEQ.NEXTVAL),9,'0') ,'MISSION000000004','M000003','E000004',  to_date('2017/10/25','yyyy/mm/dd'),'這根本跟修繕無關',1);


INSERT INTO ACCUSE_CASE(ACCUSE_NO, MISSION_NO ,ACCUSER_NO ,EMP_NO ,ACCUSE_DATE  , ACCUSE_DETAIL,ACCUSE_STATE)
VALUES(to_char(sysdate,'yyyymmdd')||'ACC'||LPAD(to_char(ACCUSE_SEQ.NEXTVAL),9,'0') ,'MISSION000000006','M000001','E000004',  to_date('2017/10/25','yyyy/mm/dd'),'大大!!!有變態',1);


INSERT INTO ACCUSE_CASE(ACCUSE_NO, MISSION_NO ,ACCUSER_NO ,EMP_NO ,ACCUSE_DATE  , ACCUSE_DETAIL,ACCUSE_STATE)
VALUES(to_char(sysdate,'yyyymmdd')||'ACC'||LPAD(to_char(ACCUSE_SEQ.NEXTVAL),9,'0') ,'MISSION000000004','M000001','',  to_date('2017/10/25','yyyy/mm/dd'),'我覺得這個任務不行',1);


INSERT INTO ACCUSE_CASE(ACCUSE_NO, MISSION_NO ,ACCUSER_NO ,EMP_NO ,ACCUSE_DATE  , ACCUSE_DETAIL,ACCUSE_STATE)
VALUES(to_char(sysdate,'yyyymmdd')||'ACC'||LPAD(to_char(ACCUSE_SEQ.NEXTVAL),9,'0') ,'MISSION000000002','M000004','',  to_date('2017/10/25','yyyy/mm/dd'),'我覺得他不是 騙人',1);


INSERT INTO ACCUSE_CASE(ACCUSE_NO, MISSION_NO ,ACCUSER_NO ,EMP_NO ,ACCUSE_DATE  , ACCUSE_DETAIL,ACCUSE_STATE)
VALUES(to_char(sysdate,'yyyymmdd')||'ACC'||LPAD(to_char(ACCUSE_SEQ.NEXTVAL),9,'0') ,'MISSION000000006','M000003','',  to_date('2017/10/25','yyyy/mm/dd'),'警察叔叔這裡有怪人',1);
COMMIT;

--==================================================--

--柏炘--

--技能分類 SKILL_CATEGORY FAKE DATA--

INSERT INTO SKILL_CATEGORY(SKILL_CATE_NO,SKILL_CATE_NAME) VALUES('CATE0000001', '社交');
INSERT INTO SKILL_CATEGORY(SKILL_CATE_NO,SKILL_CATE_NAME) VALUES('CATE0000002', '教育');
INSERT INTO SKILL_CATEGORY(SKILL_CATE_NO,SKILL_CATE_NAME) VALUES('CATE0000003', '修繕');
INSERT INTO SKILL_CATEGORY(SKILL_CATE_NO,SKILL_CATE_NAME) VALUES('CATE0000004', '其他');

--技能 SKILL FAKE DATA--

INSERT INTO SKILL(SKILL_NO,SKILL_NAME,SKILL_CATE_NO) VALUES( 'SKL'||LPAD(SEQ_SKILL_NO.NEXTVAL,6,'0'), '修機車', 'CATE0000003');
INSERT INTO SKILL(SKILL_NO,SKILL_NAME,SKILL_CATE_NO) VALUES( 'SKL'||LPAD(SEQ_SKILL_NO.NEXTVAL,6,'0'), '修汽車', 'CATE0000003');
INSERT INTO SKILL(SKILL_NO,SKILL_NAME,SKILL_CATE_NO) VALUES( 'SKL'||LPAD(SEQ_SKILL_NO.NEXTVAL,6,'0'), '修腳踏車', 'CATE0000003');
INSERT INTO SKILL(SKILL_NO,SKILL_NAME,SKILL_CATE_NO) VALUES( 'SKL'||LPAD(SEQ_SKILL_NO.NEXTVAL,6,'0'), '修水上摩托車', 'CATE0000003');
INSERT INTO SKILL(SKILL_NO,SKILL_NAME,SKILL_CATE_NO) VALUES( 'SKL'||LPAD(SEQ_SKILL_NO.NEXTVAL,6,'0'), '修公車', 'CATE0000003');
INSERT INTO SKILL(SKILL_NO,SKILL_NAME,SKILL_CATE_NO) VALUES( 'SKL'||LPAD(SEQ_SKILL_NO.NEXTVAL,6,'0'), '修靈車', 'CATE0000003');
INSERT INTO SKILL(SKILL_NO,SKILL_NAME,SKILL_CATE_NO) VALUES( 'SKL'||LPAD(SEQ_SKILL_NO.NEXTVAL,6,'0'), '修馬車', 'CATE0000003');
INSERT INTO SKILL(SKILL_NO,SKILL_NAME,SKILL_CATE_NO) VALUES( 'SKL'||LPAD(SEQ_SKILL_NO.NEXTVAL,6,'0'), '修牛車', 'CATE0000003');
INSERT INTO SKILL(SKILL_NO,SKILL_NAME,SKILL_CATE_NO) VALUES( 'SKL'||LPAD(SEQ_SKILL_NO.NEXTVAL,6,'0'), '修人力車', 'CATE0000003');
INSERT INTO SKILL(SKILL_NO,SKILL_NAME,SKILL_CATE_NO) VALUES( 'SKL'||LPAD(SEQ_SKILL_NO.NEXTVAL,6,'0'), '修戰車', 'CATE0000003');
INSERT INTO SKILL(SKILL_NO,SKILL_NAME,SKILL_CATE_NO) VALUES( 'SKL'||LPAD(SEQ_SKILL_NO.NEXTVAL,6,'0'), '教英語', 'CATE0000002');
INSERT INTO SKILL(SKILL_NO,SKILL_NAME,SKILL_CATE_NO) VALUES( 'SKL'||LPAD(SEQ_SKILL_NO.NEXTVAL,6,'0'), '教法語', 'CATE0000002');
INSERT INTO SKILL(SKILL_NO,SKILL_NAME,SKILL_CATE_NO) VALUES( 'SKL'||LPAD(SEQ_SKILL_NO.NEXTVAL,6,'0'), '教日語', 'CATE0000002');
INSERT INTO SKILL(SKILL_NO,SKILL_NAME,SKILL_CATE_NO) VALUES( 'SKL'||LPAD(SEQ_SKILL_NO.NEXTVAL,6,'0'), '教德語', 'CATE0000002');
INSERT INTO SKILL(SKILL_NO,SKILL_NAME,SKILL_CATE_NO) VALUES( 'SKL'||LPAD(SEQ_SKILL_NO.NEXTVAL,6,'0'), '教西語', 'CATE0000002');
INSERT INTO SKILL(SKILL_NO,SKILL_NAME,SKILL_CATE_NO) VALUES( 'SKL'||LPAD(SEQ_SKILL_NO.NEXTVAL,6,'0'), '教打手槍', 'CATE0000002');
INSERT INTO SKILL(SKILL_NO,SKILL_NAME,SKILL_CATE_NO) VALUES( 'SKL'||LPAD(SEQ_SKILL_NO.NEXTVAL,6,'0'), '教西式料理', 'CATE0000002');
INSERT INTO SKILL(SKILL_NO,SKILL_NAME,SKILL_CATE_NO) VALUES( 'SKL'||LPAD(SEQ_SKILL_NO.NEXTVAL,6,'0'), '教中式料理', 'CATE0000002');
INSERT INTO SKILL(SKILL_NO,SKILL_NAME,SKILL_CATE_NO) VALUES( 'SKL'||LPAD(SEQ_SKILL_NO.NEXTVAL,6,'0'), '假男友', 'CATE0000001');
INSERT INTO SKILL(SKILL_NO,SKILL_NAME,SKILL_CATE_NO) VALUES( 'SKL'||LPAD(SEQ_SKILL_NO.NEXTVAL,6,'0'), '假女友', 'CATE0000001');
INSERT INTO SKILL(SKILL_NO,SKILL_NAME,SKILL_CATE_NO) VALUES( 'SKL'||LPAD(SEQ_SKILL_NO.NEXTVAL,6,'0'), '假同性女友', 'CATE0000001');
INSERT INTO SKILL(SKILL_NO,SKILL_NAME,SKILL_CATE_NO) VALUES( 'SKL'||LPAD(SEQ_SKILL_NO.NEXTVAL,6,'0'), '假同性男友', 'CATE0000001');
INSERT INTO SKILL(SKILL_NO,SKILL_NAME,SKILL_CATE_NO) VALUES( 'SKL'||LPAD(SEQ_SKILL_NO.NEXTVAL,6,'0'), '假雙性男友', 'CATE0000001');
INSERT INTO SKILL(SKILL_NO,SKILL_NAME,SKILL_CATE_NO) VALUES( 'SKL'||LPAD(SEQ_SKILL_NO.NEXTVAL,6,'0'), '假雙性女友', 'CATE0000001');
INSERT INTO SKILL(SKILL_NO,SKILL_NAME,SKILL_CATE_NO) VALUES( 'SKL'||LPAD(SEQ_SKILL_NO.NEXTVAL,6,'0'), '真雙頭龍', 'CATE0000001');
INSERT INTO SKILL(SKILL_NO,SKILL_NAME,SKILL_CATE_NO) VALUES( 'SKL'||LPAD(SEQ_SKILL_NO.NEXTVAL,6,'0'), '幫忙跑腿', 'CATE0000004');
INSERT INTO SKILL(SKILL_NO,SKILL_NAME,SKILL_CATE_NO) VALUES( 'SKL'||LPAD(SEQ_SKILL_NO.NEXTVAL,6,'0'), '經營人生', 'CATE0000004');
INSERT INTO SKILL(SKILL_NO,SKILL_NAME,SKILL_CATE_NO) VALUES( 'SKL'||LPAD(SEQ_SKILL_NO.NEXTVAL,6,'0'), '經營你跟我的愛情', 'CATE0000004');
INSERT INTO SKILL(SKILL_NO,SKILL_NAME,SKILL_CATE_NO) VALUES( 'SKL'||LPAD(SEQ_SKILL_NO.NEXTVAL,6,'0'), '一秒讓你變魯蛇', 'CATE0000004');

--會員技能明細 USER_SKILL FAKE DATA--

INSERT INTO USER_SKILL(MEM_NO,SKILL_NO,SKILL_DETAIL,SKILL_CERT) VALUES( 'M000001', 'SKL000001', '我很會修機車喔喔喔喔喔', NULL);
INSERT INTO USER_SKILL(MEM_NO,SKILL_NO,SKILL_DETAIL,SKILL_CERT) VALUES( 'M000001', 'SKL000006', '靈車也會啦嘿嘿', NULL);
INSERT INTO USER_SKILL(MEM_NO,SKILL_NO,SKILL_DETAIL,SKILL_CERT) VALUES( 'M000001', 'SKL000010', '戰車世界', NULL);
INSERT INTO USER_SKILL(MEM_NO,SKILL_NO,SKILL_DETAIL,SKILL_CERT) VALUES( 'M000002', 'SKL000013', '我會日文', NULL);
INSERT INTO USER_SKILL(MEM_NO,SKILL_NO,SKILL_DETAIL,SKILL_CERT) VALUES( 'M000002', 'SKL000017', '我hen會煎牛排', NULL);
INSERT INTO USER_SKILL(MEM_NO,SKILL_NO,SKILL_DETAIL,SKILL_CERT) VALUES( 'M000003', 'SKL000019', '除了剛剛以外都可以', NULL);
INSERT INTO USER_SKILL(MEM_NO,SKILL_NO,SKILL_DETAIL,SKILL_CERT) VALUES( 'M000003', 'SKL000016', '嘿嘿嘿', NULL);
COMMIT;

--爭議案件 DISPUTE_CASE FAKE DATA--

INSERT INTO DISPUTE_CASE(DISPUTE_MISSION_NO,MISSION_NO,DISPUTE_MEM_NO,EMP_NO,ISSUE_DATE,CLOSE_TIME,DISPUTE_CASE_STATE) 
VALUES('DIS'||LPAD(to_char(SEQ_DIS_MISSION_NO.NEXTVAL),6,'0'),'MISSION000000016','M000016',NULL,CURRENT_TIMESTAMP,NULL,1);

INSERT INTO DISPUTE_CASE(DISPUTE_MISSION_NO,MISSION_NO,DISPUTE_MEM_NO,EMP_NO,ISSUE_DATE,CLOSE_TIME,DISPUTE_CASE_STATE) 
VALUES('DIS'||LPAD(to_char(SEQ_DIS_MISSION_NO.NEXTVAL),6,'0'),'MISSION000000017','M000010',NULL,CURRENT_TIMESTAMP,NULL,1);

INSERT INTO DISPUTE_CASE(DISPUTE_MISSION_NO,MISSION_NO,DISPUTE_MEM_NO,EMP_NO,ISSUE_DATE,CLOSE_TIME,DISPUTE_CASE_STATE) 
VALUES('DIS'||LPAD(to_char(SEQ_DIS_MISSION_NO.NEXTVAL),6,'0'),'MISSION000000018','M000004',NULL,CURRENT_TIMESTAMP,NULL,1);

INSERT INTO DISPUTE_CASE(DISPUTE_MISSION_NO,MISSION_NO,DISPUTE_MEM_NO,EMP_NO,ISSUE_DATE,CLOSE_TIME,DISPUTE_CASE_STATE) 
VALUES('DIS'||LPAD(to_char(SEQ_DIS_MISSION_NO.NEXTVAL),6,'0'),'MISSION000000019','M000005',NULL,CURRENT_TIMESTAMP,NULL,1);

INSERT INTO DISPUTE_CASE(DISPUTE_MISSION_NO,MISSION_NO,DISPUTE_MEM_NO,EMP_NO,ISSUE_DATE,CLOSE_TIME,DISPUTE_CASE_STATE) 
VALUES('DIS'||LPAD(to_char(SEQ_DIS_MISSION_NO.NEXTVAL),6,'0'),'MISSION000000020','M000006',NULL,CURRENT_TIMESTAMP,NULL,1);

--聊天記錄 CHAT_CONTEN FAKE DATA--

INSERT INTO CHAT_RECORD(SENDER_MEM_NO,RECEIVER_MEM_NO,CHAT_DATETIME,CHAT_CONTENT) 
VALUES('M000003','M000004',TO_TIMESTAMP('2017/11/6 10:10:10', 'YYYY-MM-DD HH24:MI:SS'),'Hi');

INSERT INTO CHAT_RECORD(SENDER_MEM_NO,RECEIVER_MEM_NO,CHAT_DATETIME,CHAT_CONTENT) 
VALUES('M000004','M000003',TO_TIMESTAMP('2017/11/6 10:10:11', 'YYYY-MM-DD HH24:MI:SS'),'你好:)');

INSERT INTO CHAT_RECORD(SENDER_MEM_NO,RECEIVER_MEM_NO,CHAT_DATETIME,CHAT_CONTENT) 
VALUES('M000003','M000004',TO_TIMESTAMP('2017/11/6 10:10:14', 'YYYY-MM-DD HH24:MI:SS'),'我有30公分要看嗎');

INSERT INTO CHAT_RECORD(SENDER_MEM_NO,RECEIVER_MEM_NO,CHAT_DATETIME,CHAT_CONTENT) 
VALUES('M000004','M000003',TO_TIMESTAMP('2017/11/6 10:10:18', 'YYYY-MM-DD HH24:MI:SS'),'….');

INSERT INTO CHAT_RECORD(SENDER_MEM_NO,RECEIVER_MEM_NO,CHAT_DATETIME,CHAT_CONTENT) 
VALUES('M000003','M000004',TO_TIMESTAMP('2017/11/6 10:10:20', 'YYYY-MM-DD HH24:MI:SS'),'歐齁');

INSERT INTO CHAT_RECORD(SENDER_MEM_NO,RECEIVER_MEM_NO,CHAT_DATETIME,CHAT_CONTENT) 
VALUES('M000004','M000003',TO_TIMESTAMP('2017/11/6 10:10:22', 'YYYY-MM-DD HH24:MI:SS'),'我要檢舉你');



--==================================================--

--兆哥--

--商品分類 PRO_CLASS FAKE DATA--

INSERT INTO PRO_CLASS VALUES ('C'||LPAD(PRO_CLASS_SEQ.NEXTVAL,4,0),'食品');
INSERT INTO PRO_CLASS VALUES ('C'||LPAD(PRO_CLASS_SEQ.NEXTVAL,4,0),'3C產品');
INSERT INTO PRO_CLASS VALUES ('C'||LPAD(PRO_CLASS_SEQ.NEXTVAL,4,0),'運動');
INSERT INTO PRO_CLASS VALUES ('C'||LPAD(PRO_CLASS_SEQ.NEXTVAL,4,0),'餐卷');
INSERT INTO PRO_CLASS VALUES ('C'||LPAD(PRO_CLASS_SEQ.NEXTVAL,4,0),'圖書');
INSERT INTO PRO_CLASS VALUES ('C'||LPAD(PRO_CLASS_SEQ.NEXTVAL,4,0),'家電');
INSERT INTO PRO_CLASS VALUES ('C'||LPAD(PRO_CLASS_SEQ.NEXTVAL,4,0),'精品');
INSERT INTO PRO_CLASS VALUES ('C'||LPAD(PRO_CLASS_SEQ.NEXTVAL,4,0),'日常用品');
INSERT INTO PRO_CLASS VALUES ('C'||LPAD(PRO_CLASS_SEQ.NEXTVAL,4,0),'電腦周邊');
INSERT INTO PRO_CLASS VALUES ('C'||LPAD(PRO_CLASS_SEQ.NEXTVAL,4,0),'廚具');
COMMIT;

--商品 PRO FAKE DATA--INSERT INTO PRO VALUES ('P'||LPAD(PRO_SEQ.NEXTVAL,6,'0'),40,'C0001','上架',90,TO_DATE('2015-12-10','YYYY-MM-DD'),TO_DATE('2015-12-10','YYYY-MM-DD'),NULL,'小王子麵','童年記憶的難忘好滋味,小包裝食用更順手,香香脆脆好滋味,絕不添加防腐');
INSERT INTO PRO VALUES ('P'||LPAD(PRO_SEQ.NEXTVAL,6,'0'),30,'C0001','上架',90,TO_DATE('2015-12-10','YYYY-MM-DD'),TO_DATE('2015-12-10','YYYY-MM-DD'),NULL,'休閒丸子','以香脆點心麵為基底，再精製為一顆顆圓圓的脆麵點心,獨特的日式串燒醬風味，加上香脆口感的脆麵丸子，享用方便、不沾手!');
INSERT INTO PRO VALUES ('P'||LPAD(PRO_SEQ.NEXTVAL,6,'0'),40,'C0001','上架',80,TO_DATE('2015-12-10','YYYY-MM-DD'),TO_DATE('2016-02-10','YYYY-MM-DD'),NULL,'浪味仙','上選馬鈴薯原料，獨家特調蔬菜秘方，讓你上癮的好滋味,口感酥酥脆脆,看電視、出遊好伴侶');
INSERT INTO PRO VALUES ('P'||LPAD(PRO_SEQ.NEXTVAL,6,'0'),50,'C0001','上架',80,TO_DATE('2015-12-10','YYYY-MM-DD'),TO_DATE('2016-02-10','YYYY-MM-DD'),NULL,'可樂果','試試看「走路有聲」的暢快滋味,堅持選用天然豌豆作為原料,讓你越吃越過癮');
INSERT INTO PRO VALUES ('P'||LPAD(PRO_SEQ.NEXTVAL,6,'0'),100,'C0001','上架',70,TO_DATE('2015-12-10','YYYY-MM-DD'),TO_DATE('2016-04-10','YYYY-MM-DD'),NULL,'風味薯條','薯條風潮即將席捲全台,運用新一代「95℃低溫真空工法」,封存整顆新鮮馬鈴薯的原味,平價高品質的新選擇');
INSERT INTO PRO VALUES ('P'||LPAD(PRO_SEQ.NEXTVAL,6,'0'),400,'C0001','上架',70,TO_DATE('2015-12-10','YYYY-MM-DD'),TO_DATE('2016-06-10','YYYY-MM-DD'),NULL,'恐龍餅乾','泰國人氣餅乾,超大包裝 一次滿足,內有6小包裝');
INSERT INTO PRO VALUES ('P'||LPAD(PRO_SEQ.NEXTVAL,6,'0'),220,'C0001','上架',100,TO_DATE('2015-12-10','YYYY-MM-DD'),TO_DATE('2016-08-10','YYYY-MM-DD'),NULL,'腰果蔓越莓','綜合堅果果乾達人,德國原裝,頂級品質時尚精品與營養健康兼具的堅果仁比例腰果,蔓越莓果乾,巴豆妖解饞最佳零食未經調味,天然真實就是極致的美味不烘培也不油炸,無防腐劑與色素');
INSERT INTO PRO VALUES ('P'||LPAD(PRO_SEQ.NEXTVAL,6,'0'),70,'C0001','下架',100,TO_DATE('2015-12-10','YYYY-MM-DD'),TO_DATE('2016-12-10','YYYY-MM-DD'),NULL,'蝦風味餅乾','知名日本廠商-Calbee卡樂比,一口大小的迷你餅乾搭配入口即化口感,鹽份比正常版的蝦餅少了40%,不使用油，而且含豐富的鈣,小孩也能安心食用的好零嘴');
INSERT INTO PRO VALUES ('P'||LPAD(PRO_SEQ.NEXTVAL,6,'0'),160,'C0001','下架',100,TO_DATE('2015-12-10','YYYY-MM-DD'),TO_DATE('2017-08-10','YYYY-MM-DD'),NULL,'泡芙米果','知名日本大廠-越後製果,卡滋口感甜鹹不膩,黃豆泡芙可口超有味~');
INSERT INTO PRO VALUES ('P'||LPAD(PRO_SEQ.NEXTVAL,6,'0'),210,'C0001','下架',100,TO_DATE('2015-12-10','YYYY-MM-DD'),TO_DATE('2016-12-10','YYYY-MM-DD'),NULL,'綜合仙貝','知名日本廠牌-栗山米果,蔬菜/沙拉/甘口醬油,一次可以享受三種美味,酥酥脆脆的好口感');
----------------------------------------------------------------------------------------------------------------------------------------------------------------------------------------------------------
INSERT INTO PRO VALUES ('P'||LPAD(PRO_SEQ.NEXTVAL,6,'0'),41500,'C0002','上架',100,TO_DATE('2017-11-10','YYYY-MM-DD'),TO_DATE('2017-12-10','YYYY-MM-DD'),NULL,'iPhone X','256G 5.8吋智慧型手機,Super Retina HD 顯示器,5.8 吋 (對角線) 全螢幕 OLED Multi-Touch 顯示器,HDR 顯示,3D Touch');
INSERT INTO PRO VALUES ('P'||LPAD(PRO_SEQ.NEXTVAL,6,'0'),21900,'C0002','上架',90,TO_DATE('2017-11-10','YYYY-MM-DD'),TO_DATE('2017-12-10','YYYY-MM-DD'),NULL,'HTC U11','HTC首款6吋 18:9 全螢幕手機,全球首款創透明水漾設計,八核心驍龍835處理器2.45GHz,Edge Sense 邊緣觸控技術,3930mAh 大容量電池,6G RAM / 128G ROM');
INSERT INTO PRO VALUES ('P'||LPAD(PRO_SEQ.NEXTVAL,6,'0'),24900,'C0002','上架',100,TO_DATE('2017-11-10','YYYY-MM-DD'),TO_DATE('2017-12-10','YYYY-MM-DD'),NULL,'GALAXY S8','5.8 吋 2960X1400 Super AMOLED 螢幕,主相機1200萬,前鏡頭800萬畫素,IP68防水防塵/Type-C,Bixby 圖像辨識、翻譯、搜尋,加購原廠指定配件登錄送1千摩曼頓禮券');
INSERT INTO PRO VALUES ('P'||LPAD(PRO_SEQ.NEXTVAL,6,'0'),11900,'C0002','上架',100,TO_DATE('2017-11-10','YYYY-MM-DD'),TO_DATE('2017-12-10','YYYY-MM-DD'),NULL,'SONY Xperia','聯發科P20八核心處理器,5.5吋FHD螢幕,2300萬畫素/800萬畫素相機,4G RAM / 32G ROM,4G+3G雙卡雙待,支援指紋辨識/快速充電');
INSERT INTO PRO VALUES ('P'||LPAD(PRO_SEQ.NEXTVAL,6,'0'),5990,'C0002','上架',80,TO_DATE('2017-11-10','YYYY-MM-DD'),TO_DATE('2017-12-10','YYYY-MM-DD'),NULL,'ASUS ZenFone','ZenFone 4 Max長效戀攝影,5000mAh大電量 ,廣角雙鏡頭,戀電能:5000mAh大電量 46 天待機,戀攝影:1300萬+120°超廣角後雙鏡頭,戀美型:洗鍊金屬質感，前置指紋辨識');
INSERT INTO PRO VALUES ('P'||LPAD(PRO_SEQ.NEXTVAL,6,'0'),15990,'C0002','上架',100,TO_DATE('2017-11-10','YYYY-MM-DD'),TO_DATE('2017-12-10','YYYY-MM-DD'),NULL,'OPPO R11','主鏡頭2000萬畫素,長焦鏡頭+1600萬畫素,F1.7大光圈廣角鏡頭,Spectra ISP影像處理技術、專業人像模式,獨家VOOC閃充、微縫天線2.0設計');
INSERT INTO PRO VALUES ('P'||LPAD(PRO_SEQ.NEXTVAL,6,'0'),26900,'C0002','上架',100,TO_DATE('2017-11-10','YYYY-MM-DD'),TO_DATE('2017-12-10','YYYY-MM-DD'),NULL,'HUAWEI Mate','5.5吋徠卡雙鏡頭 雙曲面旗艦機,6GB RAM / 128GB ROM,最新Adroid 7.0系統,雙卡雙待4G+3G,4000mAh支援超級快充');
INSERT INTO PRO VALUES ('P'||LPAD(PRO_SEQ.NEXTVAL,6,'0'),4990,'C0002','上架',70,TO_DATE('2017-11-10','YYYY-MM-DD'),TO_DATE('2017-12-10','YYYY-MM-DD'),NULL,'InFocus M5s','MT6737 四核處理器,5.2吋IPS高透彩螢幕,3G RAM / 32G ROM,前800/後1300萬畫素相機,指紋辦識 / 雙卡雙待');
INSERT INTO PRO VALUES ('P'||LPAD(PRO_SEQ.NEXTVAL,6,'0'),14990,'C0002','下架',100,TO_DATE('2017-11-10','YYYY-MM-DD'),TO_DATE('2017-12-10','YYYY-MM-DD'),NULL,'moto Z2 Play','3,000mAh 電池容量,1,200 萬畫素主鏡頭、F1.7 光圈,500萬畫素前鏡頭、F2.2 光圈廣角鏡頭(85度),疏水奈米塗層');
INSERT INTO PRO VALUES ('P'||LPAD(PRO_SEQ.NEXTVAL,6,'0'),3450,'C0002','上架',100,TO_DATE('2017-11-10','YYYY-MM-DD'),TO_DATE('2017-12-10','YYYY-MM-DD'),NULL,'GPLUS F1','2.4 吋彩色螢幕,支援3G網路,支援MP3播放器/收音機/手電筒/可拍照,防水、防塵、耐摔 IP68,記憶卡擴充');
COMMIT;

--商品追蹤 PRO_TRACK FAKE DATA--

INSERT INTO PRO_TRACK VALUES ('M000001','P000001');
INSERT INTO PRO_TRACK VALUES ('M000001','P000006');
INSERT INTO PRO_TRACK VALUES ('M000001','P000007');
INSERT INTO PRO_TRACK VALUES ('M000002','P000001');
INSERT INTO PRO_TRACK VALUES ('M000002','P000002');
INSERT INTO PRO_TRACK VALUES ('M000002','P000003');
INSERT INTO PRO_TRACK VALUES ('M000007','P000001');
INSERT INTO PRO_TRACK VALUES ('M000007','P000004');
INSERT INTO PRO_TRACK VALUES ('M000007','P000006');
INSERT INTO PRO_TRACK VALUES ('M000008','P000001');
COMMIT;

--訂單 PRO_ORDER FAKE DATA--

INSERT INTO PRO_ORDER VALUES ('20171023-000001','M000001',TO_DATE('2017-10-25','YYYY-MM-DD'),2200,'兆哥','桃園市平鎮區民族路314號5樓','0912-345678','已出貨',TO_DATE('2015-12-12','YYYY-MM-DD'));
INSERT INTO PRO_ORDER VALUES ('20171024-000002','M000001',TO_DATE('2017-10-25','YYYY-MM-DD'),690,'兆哥','桃園市平鎮區民族路314號5樓','0912-345678','已出貨',TO_DATE('2015-12-12','YYYY-MM-DD'));
INSERT INTO PRO_ORDER VALUES ('20171025-000003','M000001',TO_DATE('2017-10-26','YYYY-MM-DD'),400,'兆哥','桃園市平鎮區民族路314號5樓','0912-345678','已出貨',TO_DATE('2015-12-12','YYYY-MM-DD'));
INSERT INTO PRO_ORDER VALUES ('20171025-000004','M000001',TO_DATE('2017-10-26','YYYY-MM-DD'),220,'兆哥','桃園市平鎮區民族路314號5樓','0912-345678','已出貨',TO_DATE('2015-12-12','YYYY-MM-DD'));
INSERT INTO PRO_ORDER VALUES ('20171025-000005','M000001',TO_DATE('2017-10-26','YYYY-MM-DD'),70,'兆哥','桃園市平鎮區民族路314號5樓','0912-345678','已出貨',TO_DATE('2015-12-12','YYYY-MM-DD'));
INSERT INTO PRO_ORDER VALUES ('20171026-000006','M000001',TO_DATE('2017-10-27','YYYY-MM-DD'),70,'兆哥','桃園市平鎮區民族路314號5樓','0912-345678','已出貨',TO_DATE('2015-12-12','YYYY-MM-DD'));
INSERT INTO PRO_ORDER VALUES ('20171026-000007','M000002',TO_DATE('2017-10-27','YYYY-MM-DD'),70,'柏起','高雄市楠梓區惠民路307號2樓','0912-555666','已出貨',TO_DATE('2015-12-12','YYYY-MM-DD'));
INSERT INTO PRO_ORDER VALUES ('20171026-000008','M000002',TO_DATE('2017-10-27','YYYY-MM-DD'),70,'柏起','高雄市楠梓區惠民路307號2樓','0912-555666','已出貨',TO_DATE('2015-12-12','YYYY-MM-DD'));
INSERT INTO PRO_ORDER VALUES ('20171026-000009','M000002',TO_DATE('2017-10-27','YYYY-MM-DD'),70,'柏起','高雄市楠梓區惠民路307號2樓','0912-555666','已出貨',TO_DATE('2015-12-12','YYYY-MM-DD'));
INSERT INTO PRO_ORDER VALUES ('20171026-000001','M000002',TO_DATE('2017-10-27','YYYY-MM-DD'),70,'柏起','高雄市楠梓區惠民路307號2樓','0912-555666','已出貨',TO_DATE('2015-12-12','YYYY-MM-DD'));
INSERT INTO PRO_ORDER VALUES ('20171026-000010','M000004',TO_DATE('2017-10-27','YYYY-MM-DD'),70,'子愉','台北市內湖區內湖路一段33號8樓','0918-333666','已出貨',TO_DATE('2015-12-12','YYYY-MM-DD'));
COMMIT;

--訂單明細 PRO_ORD_LIST FAKE DATA--

INSERT INTO PRO_ORD_LIST VALUES ('20171023-000001','P000001',20,800);
INSERT INTO PRO_ORD_LIST VALUES ('20171023-000001','P000002',20,600);
INSERT INTO PRO_ORD_LIST VALUES ('20171023-000001','P000003',20,800);
INSERT INTO PRO_ORD_LIST VALUES ('20171024-000002','P000006',1,400);
INSERT INTO PRO_ORD_LIST VALUES ('20171024-000002','P000007',1,220);
INSERT INTO PRO_ORD_LIST VALUES ('20171024-000002','P000008',1,70);
INSERT INTO PRO_ORD_LIST VALUES ('20171025-000003','P000003',1,400);
INSERT INTO PRO_ORD_LIST VALUES ('20171025-000004','P000003',1,220);
INSERT INTO PRO_ORD_LIST VALUES ('20171025-000005','P000003',1,70);
INSERT INTO PRO_ORD_LIST VALUES ('20171026-000006','P000003',1,70);
INSERT INTO PRO_ORD_LIST VALUES ('20171026-000007','P000003',1,70);
INSERT INTO PRO_ORD_LIST VALUES ('20171026-000008','P000003',1,70);
INSERT INTO PRO_ORD_LIST VALUES ('20171026-000009','P000003',1,70);
INSERT INTO PRO_ORD_LIST VALUES ('20171026-000010','P000003',1,70);
COMMIT;

--==================================================--

--小朱--

--文章分類 ARTI_CLASS FAKE DATA--

INSERT INTO ARTI_CLASS VALUES (1,'修繕'); 
INSERT INTO ARTI_CLASS VALUES (2,'教育'); 
INSERT INTO ARTI_CLASS VALUES (3,'交友'); 
INSERT INTO ARTI_CLASS VALUES (4,'其他'); 
COMMIT;

--討論區 ARTI_FORM FAKE DATA--

INSERT INTO ARTI_FORM VALUES ('AR'||LPAD(to_char(ARTI_FORM_SEQUENCE.NEXTVAL),8,'0'),'M000001','我要推推阿偉工具人',3,'讚讚讚讚讚讚讚讚讚讚讚讚讚讚讚讚讚讚讚讚爆',TO_date('2017-09-10 12:13:14','YYYY-MM-DD HH24:MI:SS'),null,1,'ㄧ般'); 
INSERT INTO ARTI_FORM VALUES ('AR'||LPAD(to_char(ARTI_FORM_SEQUENCE.NEXTVAL),8,'0'),'M000002','大家心目中宅男的形象跟現實中的宅男其實不太一樣',3,'一般世俗人提到宅男，腦中都是那個體態肥胖、好幾天不洗澡、身上穿動漫T、家裡一堆美女手辦、桌面放油圖、臉上滿臉油、女性絕緣體的傢伙。但是事實上這種“經典款”真的是少數，至少我自己自命是非常宅的人，也認識一些宅宅朋友，在我看來一般所謂的宅男不一定是這個樣子。現在開放大家來討論一下吧!!!',TO_date('2012-01-19 10:26:11','YYYY-MM-DD HH24:MI:SS'),null,4,'ㄧ般'); 
INSERT INTO ARTI_FORM VALUES ('AR'||LPAD(to_char(ARTI_FORM_SEQUENCE.NEXTVAL),8,'0'),'M000003','【問題】我這工作是好還是爛',2,'要會開堆高機 會開貨車 要收送貨 要會電腦(PS AE PR MAX ZB SBP) 平面動畫+3D動畫 一人完成 EXCEL資料登記 要做體力活 全身汗濕那種 要吸粉塵 會弄得全身髒 24HR待命+保全 電話來就要馬上處理 即使已經是假日 沒三節 年終 中午有80元便當 一個月18K 這樣算好ㄇ?',TO_date('2013-05-24 10:26:40','YYYY-MM-DD HH24:MI:SS'),null,4,'ㄧ般'); 
INSERT INTO ARTI_FORM VALUES ('AR'||LPAD(to_char(ARTI_FORM_SEQUENCE.NEXTVAL),8,'0'),'M000004','【問題】彈吉他碰到的問題 這樣有解嗎',9,'1.手指太僵硬  2.手指不協調  3.手指頭肉太粗太多 會悶到其他弦  4.常常談到手好痠痛  這些有解嗎???',TO_date('2013-11-13 20:45:35','YYYY-MM-DD HH24:MI:SS'),null,4,'ㄧ般'); 
INSERT INTO ARTI_FORM VALUES ('AR'||LPAD(to_char(ARTI_FORM_SEQUENCE.NEXTVAL),8,'0'),'M000005','【討論】請會日文的大大進來',9,'小弟目前準備N3的學習 有沒有推薦的書呢 還是繼續念大家的日本語呢 有更推薦的嗎???',TO_date('2014-01-05 17:16:34','YYYY-MM-DD HH24:MI:SS'),null,2,'ㄧ般'); 
INSERT INTO ARTI_FORM VALUES ('AR'||LPAD(to_char(ARTI_FORM_SEQUENCE.NEXTVAL),8,'0'),'M000006','【問題】為啥跟女生去看電影 對方沒有主動說要合照',11,'是不是她不在意我們一起出來的時光==  我拿我的手機合照完也沒跟我要照片  心寒了',TO_date('2014-03-15 16:09:11','YYYY-MM-DD HH24:MI:SS'),null,4,'ㄧ般'); 
INSERT INTO ARTI_FORM VALUES ('AR'||LPAD(to_char(ARTI_FORM_SEQUENCE.NEXTVAL),8,'0'),'M000007','【其他】有改圖高手嗎?(特粉不要入來)',18,'我覺得一般版嬰靈戰車的梗用太多，變得不有趣了  所以有人能把嬰靈戰車，P圖P得帥氣或可愛一點嗎?  我想日後出現的嬰靈圖有點新鮮感與好笑度   加點氣流及裝飾給嬰靈，讓他變得帥氣點及可愛點也行  例如 : 冰火版嬰靈戰車、暗黑屬性嬰靈戰車、聖誕版嬰靈戰車  本人為報答你的改圖，能力所限只能給你一個GP，抱歉，拜託了~',TO_date('2014-03-26 10:23:38','YYYY-MM-DD HH24:MI:SS'),null,4,'ㄧ般'); 
INSERT INTO ARTI_FORM VALUES ('AR'||LPAD(to_char(ARTI_FORM_SEQUENCE.NEXTVAL),8,'0'),'M000008','【問題】你們支持台獨還是反對台獨啊?',6,'如題 有點好奇 場外大部分的想法是什麼???',TO_date('2015-04-26 15:10:38','YYYY-MM-DD HH24:MI:SS'),null,4,'ㄧ般'); 
INSERT INTO ARTI_FORM VALUES ('AR'||LPAD(to_char(ARTI_FORM_SEQUENCE.NEXTVAL),8,'0'),'M000009','【情報】民調：52％民眾不滿意蔡總統兩岸政策',25,'2017-10-23 10:35  〔記者楊淳卉／台北報導〕針對總統蔡英文在兩岸關係的表現，台灣民意基金會今公布最新民調顯示，高達民眾52%不滿意，遠高於滿意的36.4%。至於蔡總統領導國家的方式，43.7%民眾贊同，37.3%不贊同，贊同者和最近一個月相比小跌2.7%，不贊同者上升0.9%。  民調報告分析，比較2016年8月起的長期民調趨勢觀察，蔡總統處理兩岸關係表現，持續未獲得台灣多數民意肯定，若長期維持這樣的狀態，不但總統聲望難拉抬，也將減少和中共周旋的籌碼，不利台灣開展對己有利的兩岸關係。  台灣民意基金會董事長游盈隆表示，從8次的全國性調查，蔡總統的兩岸政策，僅在2016年8月上任100天時獲得過半數民意支持，但去年11月至今，不滿意者卻都高於滿意者；蔡總統在兩岸關係上，不能僅停在「兩岸維持現狀」的基調，沒有其他創意表現，國安體系和海陸兩會要好好重新檢討。  游盈隆也指出，從民調來看，統獨兩方對蔡總統處理都不滿意。  前民進黨立委簡錫堦，若從族群來解讀，蔡總統自稱是客家女兒，但客家人不滿意蔡總統兩岸政策者超過五成，原住民反對者更高達84.3%，遠高於外省族群的不滿意者，連河洛人也不滿意蔡總統；從李明哲、劉曉波案來看，蔡總統對兩岸懦弱、不敢發聲。  此次民調由台灣民意基金會委託山水民意公司進行調查，訪問對象為全國20歲以上成年人，以全國住宅電話用戶為抽樣架構，以系統抽樣加尾數兩碼隨機抽樣。訪問日期為2017年10月16日至10月17日，有效樣本1068人，在95%信心水準下，抽樣誤差正負3%。',TO_date('2015-11-29 21:22:39','YYYY-MM-DD HH24:MI:SS'),null,4,'ㄧ般'); 
INSERT INTO ARTI_FORM VALUES ('AR'||LPAD(to_char(ARTI_FORM_SEQUENCE.NEXTVAL),8,'0'),'M000010','【閒聊】有天乃哥穿越時空 回到三國時代',14,'乃哥變成蜀國的一位士兵  某天 劉備對全體將士說  此局乃是我和孔明先生精心的佈署 不齊全的地方還請提出改善  乃哥當場爆氣對劉備罵  姦汝娘的x  劉備大怒下令抓起來......  乃哥下場大家自行想像吧',TO_date('2016-01-15 10:15:28','YYYY-MM-DD HH24:MI:SS'),null,4,'ㄧ般'); 

INSERT INTO ARTI_FORM VALUES ('AR'||LPAD(to_char(ARTI_FORM_SEQUENCE.NEXTVAL),8,'0'),'M000011','【心得】最近有點討論度 關於FB上的詐騙集團賣礦卡',2,'最近板上有一些相關文章 就是FB最近很夯的 詐騙販賣  然後很多人心動 什麼的 問看看是否是真詐騙 反正不囉嗦 還是要有勇者  我也訂一隻來玩 反正是貨到付款 然後 似乎是統一在今天11/8號  全部出貨 以下是收到貨的圖 確實是詐騙集團!!!請有疑問的朋友  不要真的付錢下去 問題一 大小不符 1080TI 可沒那麼小  我沒用卡尺量 反正大小不對就是試了  問題二 重量過輕   幹你... 裡面根本是衛生紙重量  之前也有訂的朋友 記得不要收貨  看板上似乎很多人會怕 然後裝死 說 我不是本人  其實不用怕 這樣反而最造成人家困擾 給人家簽拒收就好 後面都沒他的事了   雖然沒打算付錢 可是該有的道德還是要負責  快遞員來的時候 我直接說是我本人  我就跟快遞員說 : 我要拒收 這個是詐騙集團的 可以借我拍照嗎?  快遞員很爽快答應: 他說 對阿 這應該是詐騙的  哪裡來的顯卡重量跟衛生紙一樣 而且也不知道是誰送的!  然後劈哩啪啦聊兩句就請他幫我簽拒收  以上分享 如果有人真的付錢 歡迎來留言哭哭 我會不吝嗇給GP  ',TO_date('2016-02-25 20:13:14','YYYY-MM-DD HH24:MI:SS'),null,4,'ㄧ般'); 
INSERT INTO ARTI_FORM VALUES ('AR'||LPAD(to_char(ARTI_FORM_SEQUENCE.NEXTVAL),8,'0'),'M000012','【討論】最近我媽開始想逼我姊去考公務員',1,'最近我媽開始想逼我姊去考公務員 ...  ...  ...  暫停一下  我先說個耳熟的故事  某人說他想做什麼是/讀什麼科系  然後被罵說那個很競爭/能脫穎而出的很少，會餓死，不准  然後再回來公務員 ...  ...  ...  對，考公務員就不競爭  就算  今年的台清交  去年的台清交  前年的台清交  十年前的台清交都會來跟你搶  考公務員還是超不競爭，很輕鬆，不會餓死 ...  ...  ...  你們這些大人真的很噁心   當年我姊想念美術科系被那兩個逼退念一個她根本不愛的會計 現在做到憂鬱症辭職後開始逼她考公務員，e04',TO_date('2016-3-15 11:08:24','YYYY-MM-DD HH24:MI:SS'),null,4,'ㄧ般'); 
INSERT INTO ARTI_FORM VALUES ('AR'||LPAD(to_char(ARTI_FORM_SEQUENCE.NEXTVAL),8,'0'),'M000013','【情報】一般年輕人缺乏耐心和溝通',8,'由於教育制度和環境問題，如今的一般年輕人，都極度缺乏耐心、溝通和能力。就如 Simen Sinek 所說的那樣：不管你喜不喜歡，都沒得選擇。我覺得與其等少數的善心人去帶動環境，更重要的是自己去改正學習。所以…… 趕快去買他的書吧～XD  很好地解釋了如何溝通：',TO_date('2017-09-10 12:13:14','YYYY-MM-DD HH24:MI:SS'),null,1,'ㄧ般'); 
INSERT INTO ARTI_FORM VALUES ('AR'||LPAD(to_char(ARTI_FORM_SEQUENCE.NEXTVAL),8,'0'),'M000014','【討論】美國男子性侵10個月大的女嬰',3,'美國一名喪心病狂的男子，竟然性侵女友10月大的女兒致死；而他臉書的封面照片，就寫著「我不會因為是性變態道歉」。根據美國《查爾斯頓憲郵報》（Charleston Gazette-Mail）報導，32歲的泰勒（Benjamin Ryan Taylor）與女友愛特琴斯（Amanda Adkins）住在西維吉尼亞洲的科蒂奇維爾（Cottageville）。周日（2日）晚上，泰勒趁女友在睡覺，把女友10月大的女兒艾蜜莉（Emmaleigh）帶到地下室。隔天清晨，他的女友下床找不到女兒，在地下室發現他和女兒都裸體躺在地上；女兒因為下體被插入東西，躺在一灘血裡，一旁是染血的毯子和衣物。她立刻叫救護車，但是在送醫途中女兒就已經過世；她女兒除了遭到性侵，還曾被劇烈搖晃、頭部多處受傷。警察調查時，察覺泰勒想要從下體擦掉東西，後來證實是女友女兒的血。他一開始表示自己不知道嬰孩如何受傷，但後來宣稱自己想要幫她換尿布，後來就神志不清，不知道自己做了什麼。而泰勒的臉書封面照片，寫的就是「我不會因為是性變態道歉」，令人不寒而慄。當時屋內還有另外3名孩童，但是都沒有被攻擊；調查的警長柏格斯（Tony Boggs）表示，擔任當地警長後從來沒有碰到這樣性質的案件。他被警方逮捕後，保釋金定為2百萬元美金（約6280萬元台幣）。若性侵嬰兒罪名成立，可能面臨25年到100年有期徒刑與罰款。（蘇立／綜合外電報導）資料來源:http://www.nextmag.com.tw/breaking-news/international/20161007/44590967  真是有夠變態的蘿莉控',TO_date('2017-10-08 01:07:48','YYYY-MM-DD HH24:MI:SS'),null,4,'ㄧ般'); 
INSERT INTO ARTI_FORM VALUES ('AR'||LPAD(to_char(ARTI_FORM_SEQUENCE.NEXTVAL),8,'0'),'M000015','【情報】法蘭克福書展 德法元首力促歐盟團結',3,'來源：自由時報〔記者凌美雪／德國法蘭克福十一日報導〕全球最大的法蘭克福書展十日正式登場，一如外界預期，德國總理梅克爾與法國總統馬克宏連袂出席書展開幕晚會，並分別發表幾近專題演講長度的致詞，以文化角度重申兩國密不可分的關係，共同承諾將更進一步促進文化交流，也將為歐洲的團結共同努力。今年法蘭克福書展主題國為法國，定義上則更廣泛延伸到所有法語文學，「沒有法國文化影響的德國將有多貧乏？同樣的，沒有德國文化的法國也將多貧乏？」梅克爾說，「作家常常是創意發想者，也是搭建橋樑者。」馬克宏則強調文學整合的力量，「我們為我們的書籍與文化而奮戰，沒有文化就沒有歐洲。」他說，「書是我們在這世上最珍貴的東西，也是最有效的武器。」為維護歐盟價值，這兩大歐洲關鍵夥伴持續加強互動，彼此間頻密交流的「高度」，也從政治與經濟延伸到文化場域，使法蘭克福書展史上首次出現德、法兩國元首同時出席的盛況，也是媒體最「高度」關注的一次開幕晚會。全球最大的法蘭克福書展十一日登場，德國總理梅克爾與法國總統馬克宏連袂出席九日的開幕晚會，承諾將更進一步促進兩國文化交流，為歐洲的團結共同努力。圖為梅、馬兩人展示一份古騰堡印刷機仿製品印出的世界人權宣言複本。（法新社）',TO_date('2017-10-12 09:41:36','YYYY-MM-DD HH24:MI:SS'),null,4,'ㄧ般'); 
INSERT INTO ARTI_FORM VALUES ('AR'||LPAD(to_char(ARTI_FORM_SEQUENCE.NEXTVAL),8,'0'),'M000016','【情報】2017年布克獎 美作家喬治．桑德斯摘下',33,'【大紀元2017年10月18日訊】美國短篇小說家喬治．桑德斯（George Saunders）以首部長篇小說「生死徘徊的小林肯」（Lincoln in the Bardo）獲得今年布克獎（Man Booker Prize），成為第二位獲獎美國作家。美國作家畢提（Paul Beatty）去年以尖酸苛刻筆法，諷刺美國種族關係的小說「出賣」（The Sellout）摘下布克獎。「生死徘徊的小林肯」這部小說使用數百名敘述者的敘述，編織美國總統林肯11歲兒子威利（Willie）死亡的故事。評審團主席楊恩（Lola Young）表示：「這部非常有獨創性小說的形式與風格，展現機智、聰明和極度動人的敘述。」法新社報導，布克獎是當代英語小說界的最重要獎項，創於1969年，原只授與大英國協或愛爾蘭的作家，2014年起對非大英國協國家的作家開放。布克獎每年頒發一次，與諾貝爾獎一樣，只頒予仍在世的人，得獎作家會得到國際推崇肯定。得主作品在全球的銷量勢必會大幅攀升，銷售所得將使5萬英鎊（約新台幣200萬元）獎金相形失色。喬治．桑德斯擊敗其他5位入圍決選作家獲獎。入圍今年決選的有3位英國作家和3位美國作家。70歲美國作家保羅．奧斯特（Paul Auster）以長篇小說「四三二一」（4321）入圍，美國新銳作家艾米麗．弗里德倫德（Emily Fridlund）以處女作「狼群的歷史」（History of Wolves）入圍。英國作家阿莉．史密斯（Ali Smith）憑著「秋日」（Autumn）一書4度入圍決選名單；英國－巴基斯坦作家莫欣．哈米德（Mohsin Hamid）則以小說「一路向西」（Exit West）兩度入圍。以「埃爾梅特小鎮」（Elmet）進入決選的29歲英國作家菲奧娜．莫茲利（Fiona Mozley），是最年輕的入圍者。曾獲布克獎的作家包括英國作家伊恩．麥克尤恩（Ian McEwan）、艾瑞絲．梅鐸（Iris Murdoch）和魯西迪（Salman Rushdie）。（轉自中央社）',TO_date('2017-10-18 10:59:54','YYYY-MM-DD HH24:MI:SS'),null,4,'ㄧ般'); 
INSERT INTO ARTI_FORM VALUES ('AR'||LPAD(to_char(ARTI_FORM_SEQUENCE.NEXTVAL),8,'0'),'M000017','【醫病平台】好活、好死',25,'金柏莉是二號房間病人珍妮的妹妹。當卵巢癌末期的珍妮還在溫哥華總醫院的安寧病房做疼痛處理時，我就見過。自從珍妮三個月前入住到這家安寧院之後，她幾乎是一有空就來陪伴姊姊。六十歲不到的珍妮，長得白胖，個性非常開朗。一生未婚，未發病前是財稅規劃師，收入頗豐。她喜歡打扮、旅遊、美食、社交活動。她說錢財賺來是為享用的；否則要是真成了「錢在銀行，人在天堂」 ，豈不冤枉？她被診斷出卵巢癌時，已是轉移多處的末期。消息傳出後，許多同事與友人都紛紛勸進，他們告訴珍妮：有治療才有希望；說不定會有奇蹟出現；反正加拿大有健保，一切免費…等等理由都搬出來了。珍妮卻只是淡淡地回應說：要是她飽受無謂的折磨後，才只多換來幾個月的生命，沒有意義；雖然醫療免費，她卻也不願意做那種浪費醫療資源的事。做了這個決定之後，珍妮立即辭去工作，並由幾個妹妹陪同去了一趟地中海的遊輪之旅。回來後不久，就因疼痛難當而入住安寧病房；症狀得到緩解後，又轉到安寧院來…。由於最近珍妮病情已惡化到令她雙腿無法動彈，上下輪椅也倍極辛苦，她的病床就是她絕無僅有的活動空間，但是她並不曾以此為忤，或口出怨言。獨處時，她喜歡靜靜地看書，或看電視。有訪客時，她則是和親友談笑打哈，一點都不像是在等待大限到來的病人。陣陣笑聲也給太過寂靜的「末期病人的住家」注入不少生氣。為她做能量調整時，她都閉著眼睛、接受宇宙療癒的能量，直到睡去。不過，在我為她做腳部按摩時，健談的她就滔滔不絕地講個沒完。有一次，她問我說：「你會不會因我死到臨頭卻還活得這麼開心，而覺得奇怪？」我沒答話，她自己接下去：「我知道我的日子已然屈指可數。但是愁眉苦臉，也過一天；眉開眼笑，也過一天。倒不如在自己僅有的時光裡注入些活力與生命，而活得開開心心地，直到那時刻來到為止。」其實，這也就是安寧療護的真諦：「雖不能在生命中添加時光，卻可以在時光中注入生命（Although we can’t add time to life, we can add life to time）」。珍妮這麼有智慧的生活態度，真叫我衷心羨慕她如此懂得，「好活」地把所剩無幾的生命活得發光、發熱…。病人對自己的病情其實比誰都清楚；望著已是薄暮時分的窗外，想著就要日落西山的珍妮，我一面輕聲讚歎著：「好活、好死；美麗的生命！睿智的選擇！」，一面為即將遠行的她修起藏傳佛教的「頗瓦法」，祝福她在神佛的帶領下，穩行慢走，步向平安、自在、喜悅。',TO_date('2017-10-20 17:23:35','YYYY-MM-DD HH24:MI:SS'),null,4,'ㄧ般'); 
INSERT INTO ARTI_FORM VALUES ('AR'||LPAD(to_char(ARTI_FORM_SEQUENCE.NEXTVAL),8,'0'),'M000018','【情報】翻白眼會視網膜剝離？',16,'▲翻白眼會導致視網膜剝離？醫師打臉啦！...這4大種人才是高危險群（圖／記者李佳蓉攝）記者趙于婷／台北報導多數人都知道「視網膜剝離」是失明主因之一，近日有媒體報導「翻白眼」會增加視網膜剝離風險，但這種說法被眼科醫師大大打臉！新竹國泰醫院眼科主任陳瑩山指出，翻白眼「完全不可能」造成視網膜剝離，反而高度近視、白內障術後和強烈撞擊、眼球操（轉動眼球、按壓眼球）才是最大危險因子。媒體報導指出，翻白眼幅度太大，會過度拉扯視網膜，長期恐導致視網膜剝離。但陳瑩山表示，其實高度近視（大於600度）、病理性近視（800度）的才該擔心，因為高度近視者眼球軸距會加長，像橄欖球一樣，有時候微細血流供應也比較不容易 ，嚴重會造成視神經退化 。另外，近幾年流行的「眼球操、按壓眼球」等護眼方式，也是一大風險。陳瑩山表示，眼球操是轉動眼珠，但眼睛轉動得更厲害反而容易造成眼睛痠麻、脹痛，除了會引起頭痛不適，眼睛還會看不清楚。▲眼球操（轉動眼球、按壓眼球）反而傷眼。（圖／達志示意圖，下同）而「按壓眼球」更是危險動作，陳瑩山強調，多數民眾不清楚眼球構造，眼球如果受到外力按壓會造成壓力過大，可能按出飛蚊症或把視神經壓壞，引發失明。另外，「看遠看近放鬆法」則可能導致眼過勞和假性近視的風險。近兩三年因為智慧型手機等3C產品，臨床上出現了許多以往沒有的毛病，包括乾眼症流行化、假性近視成人化、老花眼年輕化、早性白內障和年輕型黃斑部病變等，不好好保養，恐釀遺憾。若想放鬆眼睛，陳瑩山建議，讓眼睛充足休息很重要，除了可透過熱敷增加血液循環，也可透過飲食來攝取護眼營養素Omega-3（包含DHA和EPA），醫師指出，鮪魚、鰤魚、鯖魚、秋刀魚、鰻魚、沙丁魚、鱒魚和鮭魚及部分海藻等都是DHA的來源，其中含量最高的是「鮪魚」。▲鮭魚是護眼營養素DHA的來源。★圖片為版權照片，由達志影像供《ETNEWS新聞雲》專用，任何網站、報刊、電視台未經達志影像許可，不得部分或全部轉載！',TO_date('2017-10-26 18:47:08','YYYY-MM-DD HH24:MI:SS'),null,4,'ㄧ般'); 
INSERT INTO ARTI_FORM VALUES ('AR'||LPAD(to_char(ARTI_FORM_SEQUENCE.NEXTVAL),8,'0'),'M000019','【情報】加泰問題難解 西班牙派最具權力女人救火！',9,'〔即時新聞／綜合報導〕西班牙加泰隆尼亞自治區27日宣布獨立，西班牙當局隨即將加泰隆尼亞主席普伊格蒙特（Carles Puigdemont）的職務解除，改由西班牙副總理薩恩茲（Soraya Saenz de Santamaria）掌管加泰地區。薩恩茲作為西班牙最具權力的女性，由她處理加泰問題備受考驗。綜合外媒報導，西班牙面臨歷史上政治難題，薩恩茲也被委派面對從政以來最艱鉅考驗，外界看好律師出身的她能化解危機，並認為這位被認為是「西班牙最具權力」的女性能讓事件獲得控制，若成功未來有機會問鼎總理寶座。今年46歲的薩恩茲是西班牙總理拉霍伊（Mariano Rajoy）長期左右手，過去曾協助處理2014年伊波拉病毒疫情、2015年德國廉航「日耳曼之翼」（Germanwings）班機墜毀等重大事件，外界認為她扮演著西班牙政府的靈魂人物角色。薩恩茲現育有一子，當年她產子時僅11天後就返工，當時她強調「為脫離經濟蕭條與高失業率，國家有太多事得做」，廣獲國內好評。美國媒體甚至將她列為「歐洲最具權力女性5人」，認為她是「低民望政府中的最高民望大臣」。',TO_date('2017-10-30 07:51:14','YYYY-MM-DD HH24:MI:SS'),null,4,'ㄧ般'); 
INSERT INTO ARTI_FORM VALUES ('AR'||LPAD(to_char(ARTI_FORM_SEQUENCE.NEXTVAL),8,'0'),'M000020','【情報】通俄門延燒》俄國假新聞觸及1.26億臉書用戶 IG、推特皆成假新聞溫床',3,'美國「通俄門」事件延燒，3名前川普親信先後遭到檢察官起訴，數家社群網站巨擘的調查也證實，俄國網軍干預美國總統大選的規模超乎想像。美國《紐約時報》報導，2016年美國大選期間，俄國假帳號總共在推特上發表超過13萬則推文，與在Youtube上發表超過1000支影片，連臉書都承認，高達1.26億名美國臉書用戶可能接觸過不實訊息，令人震驚。俄網軍間接影響超過一半的美國臉書用戶美國國會將在11月1日舉辦「通俄門」公開聽證會，進一步了解第三方如何透過社群網站影響總統選舉，臉書、谷歌和推特3家公司代表都會出席。而這些公司的聽證會證詞，遭知情人士全數爆料給媒體。臉書的證詞裡提到，俄國網軍2015年1月到2017年8月間，共發出8萬則貼文與廣告，不實訊息直接觸及2900萬人。BBC報導，這些貼文大多含有製造社會對立情緒的政治性內容，藉由分享按讚，可能間接影響1.26億名美國民眾。這個驚人數字相當於超過半數的美國臉書用戶，更相當於美國1/3的人口。臉書法律總顧問斯特雷奇（Colin Stretch）在證詞中表示，這些不實訊息背後的政治意圖相當明顯，「我們目前查到的廣告、貼文令人氣憤與不安，這些外國假帳戶試圖分化美國社會，製造各族群間衝突，更企圖影響選舉，不僅威脅美國民主，也違背了我們的價值。 」Instagram、推特、谷歌也受害臉書成為俄國政治宣傳工具，其他社群網站如Instagram（IG）、推特（Twitter）與谷歌（Google）無一倖免。IG為臉書旗下公司，臉書公司證稱，發現170個與俄國相關的IG假帳號，總共發了12萬則貼文，這些帳號已經遭臉書公司刪除。美國最熱門社群網站推特9月報告則指出，俄國網軍大約只握有201個帳戶。但推特在一個月後改口，表示涉案規模可能是原先預期的十倍以上。推特公司證稱，與俄國政府有關聯的公司「網際網路研究局」（Internet Research Agency），在2016年9月到11月間共創立了2,700個假帳號，發表了超過13萬則貼文。這些帳號現在已遭推特刪除。除了「 網際網路研究局」的推文，這三個月間，還有另外3萬6千個假帳號，3個月內共發出140萬則與俄羅斯相關的推文，一共達到超過2億8千點閱人次。搜尋引擎龍頭谷歌也證稱，他們找到了18個可能與俄國有關連的帳號。這些帳號在2015年到2017年間，共發表了超過1,100支含有政治性內容的影片。但這些影片的瀏覽人次多數不超過5000。他們也發現，「網際網路研究局」在美國大選期間，花了4,700美元（約新台幣14萬元）買廣告，但這些廣告並不具有政治傾向。',TO_date('2017-11-01 18:07:08','YYYY-MM-DD HH24:MI:SS'),null,4,'ㄧ般'); 
commit;

--回覆文章 ARTI_REPLY FAKE DATA--

INSERT INTO ARTI_REPLY VALUES ('RE'||LPAD(to_char(ARTI_REPLY_SEQUENCE.NEXTVAL),8,'0'),'M000009','AR00000001','ME, TOO',TO_date('2016-01-15 10:15:28','YYYY-MM-DD HH24:MI:SS'),1); 
INSERT INTO ARTI_REPLY VALUES ('RE'||LPAD(to_char(ARTI_REPLY_SEQUENCE.NEXTVAL),8,'0'),'M000004','AR00000002','阿宅就是阿宅',TO_date('2016-01-15 10:15:28','YYYY-MM-DD HH24:MI:SS'),4); 
INSERT INTO ARTI_REPLY VALUES ('RE'||LPAD(to_char(ARTI_REPLY_SEQUENCE.NEXTVAL),8,'0'),'M000003','AR00000003','SOSO',TO_date('2016-01-15 10:15:28','YYYY-MM-DD HH24:MI:SS'),4); 
INSERT INTO ARTI_REPLY VALUES ('RE'||LPAD(to_char(ARTI_REPLY_SEQUENCE.NEXTVAL),8,'0'),'M000003','AR00000004','白天不懂夜的黑',TO_date('2016-01-15 10:15:28','YYYY-MM-DD HH24:MI:SS'),4); 
INSERT INTO ARTI_REPLY VALUES ('RE'||LPAD(to_char(ARTI_REPLY_SEQUENCE.NEXTVAL),8,'0'),'M000002','AR00000005','思勾以捏',TO_date('2016-01-15 10:15:28','YYYY-MM-DD HH24:MI:SS'),2); 
INSERT INTO ARTI_REPLY VALUES ('RE'||LPAD(to_char(ARTI_REPLY_SEQUENCE.NEXTVAL),8,'0'),'M000006','AR00000006','不管滿漢全席還是清粥小菜，只要吃得到就是絕頂好菜!!!',TO_date('2016-01-15 10:15:28','YYYY-MM-DD HH24:MI:SS'),4); 
INSERT INTO ARTI_REPLY VALUES ('RE'||LPAD(to_char(ARTI_REPLY_SEQUENCE.NEXTVAL),8,'0'),'M000011','AR00000007','沒圖沒真相',TO_date('2016-01-15 10:15:28','YYYY-MM-DD HH24:MI:SS'),4); 
INSERT INTO ARTI_REPLY VALUES ('RE'||LPAD(to_char(ARTI_REPLY_SEQUENCE.NEXTVAL),8,'0'),'M000019','AR00000008','黑貓白貓，會抓老鼠就是好貓',TO_date('2016-01-15 10:15:28','YYYY-MM-DD HH24:MI:SS'),4); 
INSERT INTO ARTI_REPLY VALUES ('RE'||LPAD(to_char(ARTI_REPLY_SEQUENCE.NEXTVAL),8,'0'),'M000016','AR00000009','做人要李登輝一點阿~~~',TO_date('2016-01-15 10:15:28','YYYY-MM-DD HH24:MI:SS'),4); 
INSERT INTO ARTI_REPLY VALUES ('RE'||LPAD(to_char(ARTI_REPLY_SEQUENCE.NEXTVAL),8,'0'),'M000020','AR00000010','乃哥不要衝動',TO_date('2016-01-15 10:15:28','YYYY-MM-DD HH24:MI:SS'),4); 

INSERT INTO ARTI_REPLY VALUES ('RE'||LPAD(to_char(ARTI_REPLY_SEQUENCE.NEXTVAL),8,'0'),'M000020','AR00000020','BBC也報導，一年前臉書執行長祖克柏（Mark Zuckerberg）還駁斥說，指控Facebook幫助俄國干預美國大選的說詞相當「瘋狂」，然而各項證據接連出爐，臉書防治假新聞和惡意廣告的失敗，飽受各界批評，堪稱這家全球最大社交網站的危機。美國參議員克羅布查（Amy Klobuchar）與華納（Mark Warner ）上個月提出新法案，要求網路公司公開政治廣告來源，防止外國干預美國大選事件再度發生。臉書、谷歌與推特一致同意，臉書也表示三家社群網站巨擘將啟動技術與法律層面的合作，希望建立出更好的安全措施，事先偵測到威脅。臉書28日也宣布，11月起將開始測試提升政治廣告透明度的辦法，據臉書副總裁高德曼（Rob Goldman）公布計畫，政治廣告未來需通過認證，廣告主必須說明其身分與地理位置，廣告上也會主動顯示廣告主身分。此外，人們可點下「檢視廣告」（view ads）以得知更詳細的廣告來源資訊。除此之外，臉書準備祭出比政府要求還要嚴格的公開化政策，無論政治或商業廣告，未來臉書可能將每一條廣告的投放總金額、受眾特徵等詳細訊息都放入公開的資料庫，供用戶自行搜索。臉書也將開發人工智慧識別技術，找出沒有主動透露身分的廣告主，並禁止他們投放廣告。臉書表示，廣告公開化政策11月將在加拿大開始測試，美國地區的則預計在明年11月期中選舉前到位。推特上週也宣布，基於對俄羅斯購買廣告影響選舉的擔憂，將封鎖來自俄羅斯官媒《今日俄羅斯》（RT）與《俄羅斯衛星通訊社》（Sputnik）的廣告，這是美國社群網站公司有事以來，第一次對外國宣傳機構採取如此激烈的行動。',TO_date('2017-01-07 11:07:10','YYYY-MM-DD HH24:MI:SS'),4); 
commit;

--檢舉文章ARTI_REPORT FAKE DATA--

INSERT INTO ARTI_REPORT VALUES ('REP'||LPAD(to_char(ARTI_REPORT_SEQUENCE.NEXTVAL),7,'0'),'M000001','AR00000001','妨礙風化',TO_date('2016-01-15 10:15:28','YYYY-MM-DD HH24:MI:SS'),2,'已處理'); 
INSERT INTO ARTI_REPORT VALUES ('REP'||LPAD(to_char(ARTI_REPORT_SEQUENCE.NEXTVAL),7,'0'),'M000002','AR00000002','看了超及不蘇胡',TO_date('2016-01-15 10:15:28','YYYY-MM-DD HH24:MI:SS'),3,'待處理'); 
INSERT INTO ARTI_REPORT VALUES ('REP'||LPAD(to_char(ARTI_REPORT_SEQUENCE.NEXTVAL),7,'0'),'M000003','AR00000003','嚴重懷疑是詐騙集團',TO_date('2016-01-15 10:15:28','YYYY-MM-DD HH24:MI:SS'),1,'已處理'); 
INSERT INTO ARTI_REPORT VALUES ('REP'||LPAD(to_char(ARTI_REPORT_SEQUENCE.NEXTVAL),7,'0'),'M000004','AR00000004','灌水太嚴重',TO_date('2016-01-15 10:15:28','YYYY-MM-DD HH24:MI:SS'),4,'待處理'); 
INSERT INTO ARTI_REPORT VALUES ('REP'||LPAD(to_char(ARTI_REPORT_SEQUENCE.NEXTVAL),7,'0'),'M000005','AR00000005','ㄧ直來PO廣告真的很煩耶~~~',TO_date('2016-01-15 10:15:28','YYYY-MM-DD HH24:MI:SS'),1,'待處理'); 
INSERT INTO ARTI_REPORT VALUES ('REP'||LPAD(to_char(ARTI_REPORT_SEQUENCE.NEXTVAL),7,'0'),'M000006','AR00000006','發文沒重點',TO_date('2016-01-15 10:15:28','YYYY-MM-DD HH24:MI:SS'),2,'處理中'); 
INSERT INTO ARTI_REPORT VALUES ('REP'||LPAD(to_char(ARTI_REPORT_SEQUENCE.NEXTVAL),7,'0'),'M000007','AR00000007','沒文化兼沒衛生',TO_date('2016-01-15 10:15:28','YYYY-MM-DD HH24:MI:SS'),3,'待處理'); 
INSERT INTO ARTI_REPORT VALUES ('REP'||LPAD(to_char(ARTI_REPORT_SEQUENCE.NEXTVAL),7,'0'),'M000008','AR00000008','圖文不符',TO_date('2016-01-15 10:15:28','YYYY-MM-DD HH24:MI:SS'),2,'已處理'); 
INSERT INTO ARTI_REPORT VALUES ('REP'||LPAD(to_char(ARTI_REPORT_SEQUENCE.NEXTVAL),7,'0'),'M000009','AR00000009','人類的世界是很複雜的，快滾回火星吧!!!!',TO_date('2016-01-15 10:15:28','YYYY-MM-DD HH24:MI:SS'),1,'處理中'); 
INSERT INTO ARTI_REPORT VALUES ('REP'||LPAD(to_char(ARTI_REPORT_SEQUENCE.NEXTVAL),7,'0'),'M000010','AR00000010','看....有白癡',TO_date('2016-01-15 10:15:28','YYYY-MM-DD HH24:MI:SS'),2,'已處理'); 
INSERT INTO ARTI_REPORT VALUES ('REP'||LPAD(to_char(ARTI_REPORT_SEQUENCE.NEXTVAL),7,'0'),'M000011','AR00000011','有礙觀瞻',TO_date('2016-01-15 10:15:28','YYYY-MM-DD HH24:MI:SS'),1,'待處理'); 
INSERT INTO ARTI_REPORT VALUES ('REP'||LPAD(to_char(ARTI_REPORT_SEQUENCE.NEXTVAL),7,'0'),'M000012','AR00000012','我的白眼都快翻到外太空去了.....',TO_date('2016-01-15 10:15:28','YYYY-MM-DD HH24:MI:SS'),4,'待處理'); 
commit;


--廣告 AD FAKE DATA--

INSERT INTO AD VALUES ('AD'||LPAD(TO_CHAR(AD_SEQUENCE.NEXTVAL),8,'0'),NULL,'BA104G1-有我照你-長期照護',TO_DATE('2016-01-15 10:15:28','YYYY-MM-DD HH24:MI:SS'),TO_DATE('2016-05-15 10:15:28','YYYY-MM-DD HH24:MI:SS'),'BA104-G1','有我照你'); 
INSERT INTO AD VALUES ('AD'||LPAD(TO_CHAR(AD_SEQUENCE.NEXTVAL),8,'0'),NULL,'BA104G2-喫茶趣-飲料JOIN',TO_DATE('2016-02-15 10:15:28','YYYY-MM-DD HH24:MI:SS'),TO_DATE('2016-06-15 10:15:28','YYYY-MM-DD HH24:MI:SS'),'BA104-G2','喫茶趣'); 
INSERT INTO AD VALUES ('AD'||LPAD(TO_CHAR(AD_SEQUENCE.NEXTVAL),8,'0'),NULL,'BA104G3-工具人-到底是工具人還是家具人???!!!',TO_DATE('2016-03-15 10:15:28','YYYY-MM-DD HH24:MI:SS'),TO_DATE('2016-07-15 10:15:28','YYYY-MM-DD HH24:MI:SS'),'BA104-G3','工具人');
INSERT INTO AD VALUES ('AD'||LPAD(TO_CHAR(AD_SEQUENCE.NEXTVAL),8,'0'),NULL,'BA104G4-探險GO寶-旅遊達人行程規劃',TO_DATE('2016-04-15 10:15:28','YYYY-MM-DD HH24:MI:SS'),TO_DATE('2016-07-15 10:15:28','YYYY-MM-DD HH24:MI:SS'),'BA104-G4','探險GO寶');
INSERT INTO AD VALUES ('AD'||LPAD(TO_CHAR(AD_SEQUENCE.NEXTVAL),8,'0'),NULL,'BA104G5-好房市-WE DONT KNOW HOW BUT WE KNOW HOUSER',TO_DATE('2016-04-15 10:15:28','YYYY-MM-DD HH24:MI:SS'),TO_DATE('2016-07-15 10:15:28','YYYY-MM-DD HH24:MI:SS'),'BA104-G5','好房市');
INSERT INTO AD VALUES ('AD'||LPAD(TO_CHAR(AD_SEQUENCE.NEXTVAL),8,'0'),NULL,'小三美日-限時下殺買的便宜',TO_DATE('2016-05-15 10:15:28','YYYY-MM-DD HH24:MI:SS'),TO_DATE('2016-08-15 10:15:28','YYYY-MM-DD HH24:MI:SS'),'FTY000001','小三美日'); 
INSERT INTO AD VALUES ('AD'||LPAD(TO_CHAR(AD_SEQUENCE.NEXTVAL),8,'0'),NULL,'燦坤-電腦維修工具人的家',TO_DATE('2016-06-15 10:15:28','YYYY-MM-DD HH24:MI:SS'),TO_DATE('2016-09-15 10:15:28','YYYY-MM-DD HH24:MI:SS'),'FTY000002','燦坤'); 
INSERT INTO AD VALUES ('AD'||LPAD(TO_CHAR(AD_SEQUENCE.NEXTVAL),8,'0'),NULL,'【桃園餐廳】開丼 燒肉VS丼飯-主菜滿到爆出來的超邪惡丼飯',TO_DATE('2016-07-15 10:15:28','YYYY-MM-DD HH24:MI:SS'),TO_DATE('2016-10-15 10:15:28','YYYY-MM-DD HH24:MI:SS'),'FTY000003','開丼'); 
INSERT INTO AD VALUES ('AD'||LPAD(TO_CHAR(AD_SEQUENCE.NEXTVAL),8,'0'),NULL,'【桃園餐廳】家咖哩-198元咖哩飯無限量吃到飽',TO_DATE('2016-08-15 10:15:28','YYYY-MM-DD HH24:MI:SS'),TO_DATE('2016-11-15 10:15:28','YYYY-MM-DD HH24:MI:SS'),'FTY000004','家咖哩'); 
INSERT INTO AD VALUES ('AD'||LPAD(TO_CHAR(AD_SEQUENCE.NEXTVAL),8,'0'),NULL,'【桃園餐廳】地平線1號-舒適環境與用心美味的美食餐廳',TO_DATE('2016-09-15 10:15:28','YYYY-MM-DD HH24:MI:SS'),TO_DATE('2016-12-15 10:15:28','YYYY-MM-DD HH24:MI:SS'),'FTY000005','地平線1號'); 
INSERT INTO AD VALUES ('AD'||LPAD(TO_CHAR(AD_SEQUENCE.NEXTVAL),8,'0'),NULL,'【桃園餐廳】茶自點複合式餐飲-現點現炒的美味茶館餐廳-桃園火車站美食',TO_DATE('2016-10-15 10:15:28','YYYY-MM-DD HH24:MI:SS'),TO_DATE('2017-01-15 10:15:28','YYYY-MM-DD HH24:MI:SS'),'FTY000006','茶自點'); 
INSERT INTO AD VALUES ('AD'||LPAD(TO_CHAR(AD_SEQUENCE.NEXTVAL),8,'0'),NULL,'【桃園餐廳】HOWFUN好飯食堂-西班牙式的超大氣牛肉蓋飯',TO_DATE('2016-11-15 10:15:28','YYYY-MM-DD HH24:MI:SS'),TO_DATE('2017-02-15 10:15:28','YYYY-MM-DD HH24:MI:SS'),'FTY000007','HOWFUN好飯食堂'); 
INSERT INTO AD VALUES ('AD'||LPAD(TO_CHAR(AD_SEQUENCE.NEXTVAL),8,'0'),NULL,'【桃園餐廳】京采日式飯館-CP值爆表的隱藏版日式料理餐廳',TO_DATE('2016-11-15 10:15:28','YYYY-MM-DD HH24:MI:SS'),TO_DATE('2017-02-15 10:15:28','YYYY-MM-DD HH24:MI:SS'),'FTY000008','京采日式飯館'); 
INSERT INTO AD VALUES ('AD'||LPAD(TO_CHAR(AD_SEQUENCE.NEXTVAL),8,'0'),NULL,'【桃園餐廳】漁都日式料理-不用100元也能吃到生魚片丼飯',TO_DATE('2016-12-15 10:15:28','YYYY-MM-DD HH24:MI:SS'),TO_DATE('2017-03-15 10:15:28','YYYY-MM-DD HH24:MI:SS'),'FTY000009','漁都日式料理'); 
INSERT INTO AD VALUES ('AD'||LPAD(TO_CHAR(AD_SEQUENCE.NEXTVAL),8,'0'),NULL,'【桃園餐廳】徊香美食小館-吃了會令人回味的打拋豬飯',TO_DATE('2017-01-15 10:15:28','YYYY-MM-DD HH24:MI:SS'),TO_DATE('2017-04-15 10:15:28','YYYY-MM-DD HH24:MI:SS'),'FTY000010','徊香美食小館'); 
INSERT INTO AD VALUES ('AD'||LPAD(TO_CHAR(AD_SEQUENCE.NEXTVAL),8,'0'),NULL,'【桃園餐廳】北一水餃-一吃就會愛上的獨特水餃',TO_DATE('2017-03-15 10:15:28','YYYY-MM-DD HH24:MI:SS'),TO_DATE('2017-06-15 10:15:28','YYYY-MM-DD HH24:MI:SS'),'FTY000012','北一水餃'); 
INSERT INTO AD VALUES ('AD'||LPAD(TO_CHAR(AD_SEQUENCE.NEXTVAL),8,'0'),NULL,'【桃園餐廳】阿勃勒農莊-佔地超過1200坪超大花園景觀餐廳',TO_DATE('2017-04-15 10:15:28','YYYY-MM-DD HH24:MI:SS'),TO_DATE('2017-07-15 10:15:28','YYYY-MM-DD HH24:MI:SS'),'FTY000013','阿勃勒農莊');
INSERT INTO AD VALUES ('AD'||LPAD(TO_CHAR(AD_SEQUENCE.NEXTVAL),8,'0'),NULL,'【桃園美食】南崁50元幸福拉麵-50元就能吃到日式拉麵',TO_DATE('2017-06-15 10:15:28','YYYY-MM-DD HH24:MI:SS'),TO_DATE('2017-09-15 10:15:28','YYYY-MM-DD HH24:MI:SS'),'FTY000015','南崁50元幸福拉麵'); 
INSERT INTO AD VALUES ('AD'||LPAD(TO_CHAR(AD_SEQUENCE.NEXTVAL),8,'0'),NULL,'【桃園美食】享樂煮義義大利麵餐廳-不到百元就能吃到義大利麵',TO_DATE('2017-07-15 10:15:28','YYYY-MM-DD HH24:MI:SS'),TO_DATE('2017-10-15 10:15:28','YYYY-MM-DD HH24:MI:SS'),'FTY000016','享樂煮義');
INSERT INTO AD VALUES ('AD'||LPAD(TO_CHAR(AD_SEQUENCE.NEXTVAL),8,'0'),NULL,'【桃園餐廳】庶民食堂創意炒飯-超大份加飯不用錢的美味炒飯',TO_DATE('2017-09-15 10:15:28','YYYY-MM-DD HH24:MI:SS'),TO_DATE('2017-12-15 10:15:28','YYYY-MM-DD HH24:MI:SS'),'FTY000018','庶民食堂'); 
INSERT INTO AD VALUES ('AD'||LPAD(TO_CHAR(AD_SEQUENCE.NEXTVAL),8,'0'),NULL,'【桃園餐廳】第三航廈咖啡店-坐著喝咖啡也能看到飛機',TO_DATE('2017-10-15 10:15:28','YYYY-MM-DD HH24:MI:SS'),TO_DATE('2018-01-15 10:15:28','YYYY-MM-DD HH24:MI:SS'),'FTY000018','第三航廈咖啡店'); 
COMMIT;