--SQL假資料--
--==================================================--

--阿群--

--會員 MEM FAKE DATA--
--官方

INSERT INTO MEM(MEM_NO,MEM_PW,MEM_NAME,MEM_ID,MEM_BDAY,MEM_TEL,MEM_PHO,MEM_GEND,MEM_EMAIL,MEM_PIC,MEM_INTRO,MEM_CODE,MEM_STATE,MEM_GPS_LAT,MEM_GPS_LNG,MEM_IP,MEM_DATE,MISSION_COUNT,MEM_ADDRESS,MEM_SEARCH,MEM_POINT)
VALUES('M'||LPAD(MEM_NO.NEXTVAL,6,'0'),'A123456','兆哥','兆哥',TO_DATE('1987-09-10','YYYY-MM-DD'),'03-3456789','0953-711016',2,'aa0953711016@gmail.com',load_blob('NO1.jpg'),'請叫我兆哥，我能夠幫你修電腦呵呵','1',1,'123.123465','88.332244','192.168.0.1',TO_DATE('2017-09-10 12:13:14','YYYY-MM-DD HH24:MI:SS'),10,'桃園市平鎮區民族路314號5樓','1',2000);

INSERT INTO MEM(MEM_NO,MEM_PW,MEM_NAME,MEM_ID,MEM_BDAY,MEM_TEL,MEM_PHO,MEM_GEND,MEM_EMAIL,MEM_PIC,MEM_INTRO,MEM_CODE,MEM_STATE,MEM_GPS_LAT,MEM_GPS_LNG,MEM_IP,MEM_DATE,MISSION_COUNT,MEM_ADDRESS,MEM_SEARCH,MEM_POINT)
VALUES('M'||LPAD(MEM_NO.NEXTVAL,6,'0'),'E123456','Sander','陳柏炘',TO_DATE('1988-11-04','YYYY-MM-DD'),'03-3662251','0908-118882',1,'sanderxavalon@gmail.com',load_blob('NO2.jpg'),'請叫我095，我能夠介紹你吃各家好吃的美食','1',1,'101.883465','32.199465','192.168.0.2',TO_DATE('2017-09-12 14:15:16','YYYY-MM-DD HH24:MI:SS'),5,'高雄市楠梓區惠民路307號2樓','1',2000);

INSERT INTO MEM(MEM_NO,MEM_PW,MEM_NAME,MEM_ID,MEM_BDAY,MEM_TEL,MEM_PHO,MEM_GEND,MEM_EMAIL,MEM_PIC,MEM_INTRO,MEM_CODE,MEM_STATE,MEM_GPS_LAT,MEM_GPS_LNG,MEM_IP,MEM_DATE,MISSION_COUNT,MEM_ADDRESS,MEM_SEARCH,MEM_POINT)
VALUES('M'||LPAD(MEM_NO.NEXTVAL,6,'0'),'F123456','武藤','遊戲王',TO_DATE('1990-10-04','YYYY-MM-DD'),'03-3662245','0912-555666',1,'CCC@gmail.com',load_blob('NO3.jpg'),'請叫我遊戲王，我擁有千年積木能夠讓死者復甦','1',1,'62.443465','71.669465','192.168.1.2',TO_DATE('2017-10-12 14:15:16','YYYY-MM-DD HH24:MI:SS'),5,'桃園市平鎮區中正路403號1樓','1',1500);

INSERT INTO MEM(MEM_NO,MEM_PW,MEM_NAME,MEM_ID,MEM_BDAY,MEM_TEL,MEM_PHO,MEM_GEND,MEM_EMAIL,MEM_PIC,MEM_INTRO,MEM_CODE,MEM_STATE,MEM_GPS_LAT,MEM_GPS_LNG,MEM_IP,MEM_DATE,MISSION_COUNT,MEM_ADDRESS,MEM_SEARCH,MEM_POINT)
VALUES('M'||LPAD(MEM_NO.NEXTVAL,6,'0'),'B123456','子愉','周子愉',TO_DATE('1999-06-14','YYYY-MM-DD'),'02-22366225','0918-333666',2,'ziu0614@gmail.com',load_blob('NO4.jpg'),'大家好我是子愉，我們Twice又有新的EP請多多支持','1',1,'12.456789','34.852147','192.168.1.5',TO_DATE('2017-09-12 14:15:16','YYYY-MM-DD HH24:MI:SS'),5,'台北市內湖區內湖路一段33號8樓','1',1200);

INSERT INTO MEM(MEM_NO,MEM_PW,MEM_NAME,MEM_ID,MEM_BDAY,MEM_TEL,MEM_PHO,MEM_GEND,MEM_EMAIL,MEM_PIC,MEM_INTRO,MEM_CODE,MEM_STATE,MEM_GPS_LAT,MEM_GPS_LNG,MEM_IP,MEM_DATE,MISSION_COUNT,MEM_ADDRESS,MEM_SEARCH,MEM_POINT)
VALUES('M'||LPAD(MEM_NO.NEXTVAL,6,'0'),'C123456','Hebe','田附真',TO_DATE('1983-03-30','YYYY-MM-DD'),'02-22323225','0979-333666',2,'hebe0330@gmail.com',load_blob('NO5.jpg'),'大家好我是Hebe，請大家多多支持代言的OPPO R11S','1',1,'120.456789','134.852147','192.168.1.6',TO_DATE('2017-03-12 14:25:17','YYYY-MM-DD HH24:MI:SS'),5,'台北市信義區信義路一段302號8樓','1',3000);

INSERT INTO MEM(MEM_NO,MEM_PW,MEM_NAME,MEM_ID,MEM_BDAY,MEM_TEL,MEM_PHO,MEM_GEND,MEM_EMAIL,MEM_PIC,MEM_INTRO,MEM_CODE,MEM_STATE,MEM_GPS_LAT,MEM_GPS_LNG,MEM_IP,MEM_DATE,MISSION_COUNT,MEM_ADDRESS,MEM_SEARCH,MEM_POINT)
VALUES('M'||LPAD(MEM_NO.NEXTVAL,6,'0'),'D123456','藝欣','林藝欣',TO_DATE('1985-11-05','YYYY-MM-DD'),'06-3323425','0979-333777',2,'ising1105@gmail.com',load_blob('NO6.jpg'),'大家好我是藝欣，最近又有新的連續劇了，請大家一定要收視喔','1',1,'100.456789','135.852147','192.168.1.7',TO_DATE('2017-04-14 19:26:23','YYYY-MM-DD HH24:MI:SS'),5,'台南市永安區永安路一段12號1樓','1',3200);

INSERT INTO MEM(MEM_NO,MEM_PW,MEM_NAME,MEM_ID,MEM_BDAY,MEM_TEL,MEM_PHO,MEM_GEND,MEM_EMAIL,MEM_PIC,MEM_INTRO,MEM_CODE,MEM_STATE,MEM_GPS_LAT,MEM_GPS_LNG,MEM_IP,MEM_DATE,MISSION_COUNT,MEM_ADDRESS,MEM_SEARCH,MEM_POINT)
VALUES('M'||LPAD(MEM_NO.NEXTVAL,6,'0'),'G123456','鈺芬','李鈺芬',TO_DATE('1985-05-15','YYYY-MM-DD'),'02-23323489','0956-231888',2,'ufin0515@gmail.com',load_blob('NO7.jpg'),'大家好我是鈺芬，最近的連續劇[我的四個男人]要結局了，一定要收看喔','1',1,'90.423789','110.825147','192.168.1.8',TO_DATE('2017-01-23 10:27:13','YYYY-MM-DD HH24:MI:SS'),5,'新北市蘆洲區蘆洲路一段321號8樓','1',2500);

INSERT INTO MEM(MEM_NO,MEM_PW,MEM_NAME,MEM_ID,MEM_BDAY,MEM_TEL,MEM_PHO,MEM_GEND,MEM_EMAIL,MEM_PIC,MEM_INTRO,MEM_CODE,MEM_STATE,MEM_GPS_LAT,MEM_GPS_LNG,MEM_IP,MEM_DATE,MISSION_COUNT,MEM_ADDRESS,MEM_SEARCH,MEM_POINT)
VALUES('M'||LPAD(MEM_NO.NEXTVAL,6,'0'),'H123456','梗如','孟梗如',TO_DATE('1991-07-20','YYYY-MM-DD'),'02-23323489','0956-231888',2,'genru0720@gmail.com',load_blob('NO8.jpg'),'大家好我是梗如，我真的跟幼聖沒有什麼，我跟交交還是很要好的，屑屑','1',1,'73.429889','23.187447','192.168.1.9',TO_DATE('2017-02-05 09:24:47','YYYY-MM-DD HH24:MI:SS'),5,'台北市大安區復興路一段211號3樓','1',2800);

INSERT INTO MEM(MEM_NO,MEM_PW,MEM_NAME,MEM_ID,MEM_BDAY,MEM_TEL,MEM_PHO,MEM_GEND,MEM_EMAIL,MEM_PIC,MEM_INTRO,MEM_CODE,MEM_STATE,MEM_GPS_LAT,MEM_GPS_LNG,MEM_IP,MEM_DATE,MISSION_COUNT,MEM_ADDRESS,MEM_SEARCH,MEM_POINT)
VALUES('M'||LPAD(MEM_NO.NEXTVAL,6,'0'),'J123456','結衣','新環結衣',TO_DATE('1988-06-11','YYYY-MM-DD'),'07-3345678','0979-774365',2,'yui0611@gmail.com',load_blob('NO9.jpg'),'大家好我是結衣，最近的新作[乒乓少女大逆襲上映了，請大家多多支持','1',1,'88.466129','34.826347','192.168.1.10',TO_DATE('2017-05-15 11:56:23','YYYY-MM-DD HH24:MI:SS'),5,'高雄市左營區博愛一路11號3樓','1',3600);

INSERT INTO MEM(MEM_NO,MEM_PW,MEM_NAME,MEM_ID,MEM_BDAY,MEM_TEL,MEM_PHO,MEM_GEND,MEM_EMAIL,MEM_PIC,MEM_INTRO,MEM_CODE,MEM_STATE,MEM_GPS_LAT,MEM_GPS_LNG,MEM_IP,MEM_DATE,MISSION_COUNT,MEM_ADDRESS,MEM_SEARCH,MEM_POINT)
VALUES('M'||LPAD(MEM_NO.NEXTVAL,6,'0'),'I123456','智酒','山下智酒',TO_DATE('1985-04-09','YYYY-MM-DD'),'81-04-534561','81-0933-264365',1,'tomohisa0409@gmail.com',load_blob('NO10.jpg'),'大家好我是智酒，我能夠使用[哈雷路亞，chance]回到過去。雖然我剛閃婚又馬上閃離婚，不過大家記得還要來參加我下次婚禮喔','1',1,'220.461129','213.823479','192.168.1.11',TO_DATE('2017-06-30 15:05:43','YYYY-MM-DD HH24:MI:SS'),5,'日本千葉縣船橋市日盛街下町3號2樓','1',4200);

INSERT INTO MEM(MEM_NO,MEM_PW,MEM_NAME,MEM_ID,MEM_BDAY,MEM_TEL,MEM_PHO,MEM_GEND,MEM_EMAIL,MEM_PIC,MEM_INTRO,MEM_CODE,MEM_STATE,MEM_GPS_LAT,MEM_GPS_LNG,MEM_IP,MEM_DATE,MISSION_COUNT,MEM_ADDRESS,MEM_SEARCH,MEM_POINT)
VALUES('M'||LPAD(MEM_NO.NEXTVAL,6,'0'),'K123456','小瑤','綾賴遙',TO_DATE('1985-03-24','YYYY-MM-DD'),'81-82-858654','81-0920-753365',2,'aya0324@gmail.com',load_blob('NO11.jpg'),'大家好我是小瑤，最近新作[嬌妻出沒注意]開播了，請大家多多支持','1',1,'88.466129','34.82347','192.168.1.12',TO_DATE('2017-05-25 11:01:23','YYYY-MM-DD HH24:MI:SS'),5,'日本廣島縣廣島市大民街下町25號8樓','1',4600);

INSERT INTO MEM(MEM_NO,MEM_PW,MEM_NAME,MEM_ID,MEM_BDAY,MEM_TEL,MEM_PHO,MEM_GEND,MEM_EMAIL,MEM_PIC,MEM_INTRO,MEM_CODE,MEM_STATE,MEM_GPS_LAT,MEM_GPS_LNG,MEM_IP,MEM_DATE,MISSION_COUNT,MEM_ADDRESS,MEM_SEARCH,MEM_POINT)
VALUES('M'||LPAD(MEM_NO.NEXTVAL,6,'0'),'L123456','小恭','深田恭紫',TO_DATE('1982-11-02','YYYY-MM-DD'),'81-11-522654','81-0985-123398',2,'kyoko1102@gmail.com',load_blob('NO12.jpg'),'大家好我是小恭，預計11月份要結婚了，請大家祝福我們','1',1,'56.476529','78.19447','192.168.1.13',TO_DATE('2017-06-15 20:34:16','YYYY-MM-DD HH24:MI:SS'),5,'日本東京都北區中央街88號3樓','1',2700);

INSERT INTO MEM(MEM_NO,MEM_PW,MEM_NAME,MEM_ID,MEM_BDAY,MEM_TEL,MEM_PHO,MEM_GEND,MEM_EMAIL,MEM_PIC,MEM_INTRO,MEM_CODE,MEM_STATE,MEM_GPS_LAT,MEM_GPS_LNG,MEM_IP,MEM_DATE,MISSION_COUNT,MEM_ADDRESS,MEM_SEARCH,MEM_POINT)
VALUES('M'||LPAD(MEM_NO.NEXTVAL,6,'0'),'M123456','館長','陳支漢',TO_DATE('1979-03-12','YYYY-MM-DD'),'02-23389825','0935-983766',1,'god0312@gmail.com',load_blob('NO13.jpg'),'大家好我是館長，想要讓自己的身型更漂亮的快來找我吧，有人生的疑問也可以。最近又有新的重訓課程，大家一起來健身吧','1',1,'100.100001','99.949794','192.168.1.14',TO_DATE('2017-05-29 21:50:34','YYYY-MM-DD HH24:MI:SS'),5,'新北市蘆洲區蘆洲路一段333號1樓','1',900);

INSERT INTO MEM(MEM_NO,MEM_PW,MEM_NAME,MEM_ID,MEM_BDAY,MEM_TEL,MEM_PHO,MEM_GEND,MEM_EMAIL,MEM_PIC,MEM_INTRO,MEM_CODE,MEM_STATE,MEM_GPS_LAT,MEM_GPS_LNG,MEM_IP,MEM_DATE,MISSION_COUNT,MEM_ADDRESS,MEM_SEARCH,MEM_POINT)
VALUES('M'||LPAD(MEM_NO.NEXTVAL,6,'0'),'N123456','希父','劉妙如',TO_DATE('1949-04-10','YYYY-MM-DD'),'04-5589827','0935-948759',1,'fakegod0410@gmail.com',load_blob('NO14.jpg'),'大家好我是希父，我可以協助你開導人生迷思及開運，不要懷疑我的存在。最近又有新的法會，大家一起來參加','1',1,'44.449449','66.666666','192.168.1.15',TO_DATE('2017-04-04 12:13:14','YYYY-MM-DD HH24:MI:SS'),5,'新竹縣新埔鎮新埔路254號1樓','1',12000);

INSERT INTO MEM(MEM_NO,MEM_PW,MEM_NAME,MEM_ID,MEM_BDAY,MEM_TEL,MEM_PHO,MEM_GEND,MEM_EMAIL,MEM_PIC,MEM_INTRO,MEM_CODE,MEM_STATE,MEM_GPS_LAT,MEM_GPS_LNG,MEM_IP,MEM_DATE,MISSION_COUNT,MEM_ADDRESS,MEM_SEARCH,MEM_POINT)
VALUES('M'||LPAD(MEM_NO.NEXTVAL,6,'0'),'O123456','大仁哥','李大仁',TO_DATE('1983-08-27','YYYY-MM-DD'),'02-23456789','0979-520520',1,'dazon0827@gmail.com',load_blob('NO15.jpg'),'大家好我是大仁哥，我能夠用溫柔融化妳冰冷的心，但是我不能活在沒有妳的城市裡','1',1,'52.520520','87.530520','192.168.1.16',TO_DATE('2017-08-06 17:00:34','YYYY-MM-DD HH24:MI:SS'),5,'台北市中山區林森北路二段254號3樓','1',3800);

INSERT INTO MEM(MEM_NO,MEM_PW,MEM_NAME,MEM_ID,MEM_BDAY,MEM_TEL,MEM_PHO,MEM_GEND,MEM_EMAIL,MEM_PIC,MEM_INTRO,MEM_CODE,MEM_STATE,MEM_GPS_LAT,MEM_GPS_LNG,MEM_IP,MEM_DATE,MISSION_COUNT,MEM_ADDRESS,MEM_SEARCH,MEM_POINT)
VALUES('M'||LPAD(MEM_NO.NEXTVAL,6,'0'),'P123456','又青姊','程又青',TO_DATE('1982-10-29','YYYY-MM-DD'),'049-3324456','0920-533520',2,'yochin1029@gmail.com',load_blob('NO16.jpg'),'大家好我是又青姊，我最近又要調職到高雄了，有人推薦的仲介或者房子嗎?','1',1,'33.159753','19.852456','192.168.1.17',TO_DATE('2017-08-04 12:34:10','YYYY-MM-DD HH24:MI:SS'),5,'台北市大安區新生南路一段14號7樓','1',1800);

INSERT INTO MEM(MEM_NO,MEM_PW,MEM_NAME,MEM_ID,MEM_BDAY,MEM_TEL,MEM_PHO,MEM_GEND,MEM_EMAIL,MEM_PIC,MEM_INTRO,MEM_CODE,MEM_STATE,MEM_GPS_LAT,MEM_GPS_LNG,MEM_IP,MEM_DATE,MISSION_COUNT,MEM_ADDRESS,MEM_SEARCH,MEM_POINT)
VALUES('M'||LPAD(MEM_NO.NEXTVAL,6,'0'),'Q123456','乃哥','徐乃零',TO_DATE('1959-09-17','YYYY-MM-DD'),'03-1537459','0935-888666',1,'nite0917@gmail.com',load_blob('NO17.jpg'),'大家好我是乃哥，有需要房屋買賣租賃的可以找我喔，我沒有輸不起，我只是主持節目比較認真而已','1',1,'66.963741','55.147258','192.168.1.18',TO_DATE('2017-07-07 15:41:36','YYYY-MM-DD HH24:MI:SS'),5,'嘉義縣大林鎮林邊路22號1樓','1',6200);

INSERT INTO MEM(MEM_NO,MEM_PW,MEM_NAME,MEM_ID,MEM_BDAY,MEM_TEL,MEM_PHO,MEM_GEND,MEM_EMAIL,MEM_PIC,MEM_INTRO,MEM_CODE,MEM_STATE,MEM_GPS_LAT,MEM_GPS_LNG,MEM_IP,MEM_DATE,MISSION_COUNT,MEM_ADDRESS,MEM_SEARCH,MEM_POINT)
VALUES('M'||LPAD(MEM_NO.NEXTVAL,6,'0'),'R123456','崇崇','唐崇聖',TO_DATE('1970-12-12','YYYY-MM-DD'),'06-4415112','0987-558447',1,'action1212@gmail.com',load_blob('NO18.jpg'),'大家好我是崇崇，需要現場主持人的還有廣告演員的話可以找我喔，最近通告比較少，請大家多多幫忙','1',1,'73.987654','81.123789','192.168.1.19',TO_DATE('2017-04-03 11:29:19','YYYY-MM-DD HH24:MI:SS'),5,'台南市永康區中正路159號1樓','1',100);

INSERT INTO MEM(MEM_NO,MEM_PW,MEM_NAME,MEM_ID,MEM_BDAY,MEM_TEL,MEM_PHO,MEM_GEND,MEM_EMAIL,MEM_PIC,MEM_INTRO,MEM_CODE,MEM_STATE,MEM_GPS_LAT,MEM_GPS_LNG,MEM_IP,MEM_DATE,MISSION_COUNT,MEM_ADDRESS,MEM_SEARCH,MEM_POINT)
VALUES('M'||LPAD(MEM_NO.NEXTVAL,6,'0'),'S123456','廣眾','盧廣眾',TO_DATE('1985-07-15','YYYY-MM-DD'),'06-3695382','0955-774552',1,'crowd0715@gmail.com',load_blob('NO19.jpg'),'大家好我是廣眾，想要學吉他的可以來找我喔，可以一起吃早餐，最近[花甲]電影版要上了，請大家多多支持','1',1,'74.944554','47.741789','192.168.1.20',TO_DATE('2017-07-04 15:31:46','YYYY-MM-DD HH24:MI:SS'),5,'台南市仁德區大甲里復興路174號1樓','1',400);

INSERT INTO MEM(MEM_NO,MEM_PW,MEM_NAME,MEM_ID,MEM_BDAY,MEM_TEL,MEM_PHO,MEM_GEND,MEM_EMAIL,MEM_PIC,MEM_INTRO,MEM_CODE,MEM_STATE,MEM_GPS_LAT,MEM_GPS_LNG,MEM_IP,MEM_DATE,MISSION_COUNT,MEM_ADDRESS,MEM_SEARCH,MEM_POINT)
VALUES('M'||LPAD(MEM_NO.NEXTVAL,6,'0'),'O123456','于彥','彭于彥',TO_DATE('1982-03-24','YYYY-MM-DD'),'06-7743516','0963-315852',1,'eddie0324@gmail.com',load_blob('NO20.jpg'),'大家好我是于彥，最近在準備新片，我沒有打算要出櫃呀!千萬別誤會!請大家繼續支持我','1',1,'119.335774','151.468521','192.168.1.21',TO_DATE('2017-06-19 16:45:02','YYYY-MM-DD HH24:MI:SS'),5,'澎湖縣馬公市中正路110號1樓','1',800);

INSERT INTO MEM(MEM_NO,MEM_PW,MEM_NAME,MEM_ID,MEM_BDAY,MEM_TEL,MEM_PHO,MEM_GEND,MEM_EMAIL,MEM_PIC,MEM_INTRO,MEM_CODE,MEM_STATE,MEM_GPS_LAT,MEM_GPS_LNG,MEM_IP,MEM_DATE,MISSION_COUNT,MEM_ADDRESS,MEM_SEARCH,MEM_POINT)
VALUES('OFFICAL'||LPAD(OFFICAL_NO.NEXTVAL,6,'0'),'OFFICAL1','官方1','GM1',TO_DATE('1987-09-10','YYYY-MM-DD'),'03-3456789','0912-345678',1,'burnerzx@gmail.com',load_blob('profile_1.png'),'這是個官方帳號','1',1,'123.123465','88.332244','192.168.0.1',TO_DATE('2017-09-10 12:13:14','YYYY-MM-DD HH24:MI:SS'),10,'中壢資策會中壢中心','1',99999);

INSERT INTO MEM(MEM_NO,MEM_PW,MEM_NAME,MEM_ID,MEM_BDAY,MEM_TEL,MEM_PHO,MEM_GEND,MEM_EMAIL,MEM_PIC,MEM_INTRO,MEM_CODE,MEM_STATE,MEM_GPS_LAT,MEM_GPS_LNG,MEM_IP,MEM_DATE,MISSION_COUNT,MEM_ADDRESS,MEM_SEARCH,MEM_POINT)
VALUES('OFFICAL'||LPAD(OFFICAL_NO.NEXTVAL,6,'0'),'OFFICAL2','官方2','GM2',TO_DATE('1987-09-10','YYYY-MM-DD'),'03-3456789','0912-345678',1,'burnerzx@gmail.com',load_blob('profile_1.png'),'這是個官方帳號','1',1,'123.123465','88.332244','192.168.0.1',TO_DATE('2017-09-10 12:13:14','YYYY-MM-DD HH24:MI:SS'),10,'中壢資策會中壢中心','1',99999);
   
COMMIT;




--儲值紀錄 STORED_HISTORY FAKE DATA--

INSERT INTO STORED_HISTORY(STORED_NO,MEM_NO,STORED_DATE,STORED_TYPE,STORED_COST)
VALUES('S'||LPAD(STORED_NO.NEXTVAL,6,'0'),'M000001',TO_DATE('2017-09-19 12:33:14','YYYY-MM-DD HH24:MI:SS'),2,9453);

INSERT INTO STORED_HISTORY(STORED_NO,MEM_NO,STORED_DATE,STORED_TYPE,STORED_COST)
VALUES('S'||LPAD(STORED_NO.NEXTVAL,6,'0'),'M000001',TO_DATE('2017-09-20 10:13:14','YYYY-MM-DD HH24:MI:SS'),2,501);

INSERT INTO STORED_HISTORY(STORED_NO,MEM_NO,STORED_DATE,STORED_TYPE,STORED_COST)
VALUES('S'||LPAD(STORED_NO.NEXTVAL,6,'0'),'M000002',TO_DATE('2017-10-10 20:12:19','YYYY-MM-DD HH24:MI:SS'),1,999);

INSERT INTO STORED_HISTORY(STORED_NO,MEM_NO,STORED_DATE,STORED_TYPE,STORED_COST)
VALUES('S'||LPAD(STORED_NO.NEXTVAL,6,'0'),'M000005',TO_DATE('2017-08-13 15:32:09','YYYY-MM-DD HH24:MI:SS'),1,345);

INSERT INTO STORED_HISTORY(STORED_NO,MEM_NO,STORED_DATE,STORED_TYPE,STORED_COST)
VALUES('S'||LPAD(STORED_NO.NEXTVAL,6,'0'),'M000006',TO_DATE('2017-05-30 09:10:43','YYYY-MM-DD HH24:MI:SS'),1,599);

INSERT INTO STORED_HISTORY(STORED_NO,MEM_NO,STORED_DATE,STORED_TYPE,STORED_COST)
VALUES('S'||LPAD(STORED_NO.NEXTVAL,6,'0'),'M000008',TO_DATE('2017-03-28 19:50:10','YYYY-MM-DD HH24:MI:SS'),1,999);

INSERT INTO STORED_HISTORY(STORED_NO,MEM_NO,STORED_DATE,STORED_TYPE,STORED_COST)
VALUES('S'||LPAD(STORED_NO.NEXTVAL,6,'0'),'M000014',TO_DATE('2017-06-06 21:49:20','YYYY-MM-DD HH24:MI:SS'),1,799);

INSERT INTO STORED_HISTORY(STORED_NO,MEM_NO,STORED_DATE,STORED_TYPE,STORED_COST)
VALUES('S'||LPAD(STORED_NO.NEXTVAL,6,'0'),'M000004',TO_DATE('2017-09-14 10:20:51','YYYY-MM-DD HH24:MI:SS'),1,399);

INSERT INTO STORED_HISTORY(STORED_NO,MEM_NO,STORED_DATE,STORED_TYPE,STORED_COST)
VALUES('S'||LPAD(STORED_NO.NEXTVAL,6,'0'),'M000018',TO_DATE('2017-07-15 14:33:47','YYYY-MM-DD HH24:MI:SS'),1,599);

INSERT INTO STORED_HISTORY(STORED_NO,MEM_NO,STORED_DATE,STORED_TYPE,STORED_COST)
VALUES('S'||LPAD(STORED_NO.NEXTVAL,6,'0'),'M000007',TO_DATE('2017-02-20 16:37:18','YYYY-MM-DD HH24:MI:SS'),1,999);

COMMIT;

--FAQ FAKE DATA--

INSERT INTO FAQ(FAQ_NO,FAQ_CONTENT,FAQ_DATE)
VALUES('F'||LPAD(FAQ_NO.NEXTVAL,4,'0'),'Ｑ1、請問這個網站是做什麼的 ？ Ａ1、工具人出租平台本持著一個共享經濟的理念，所以有者主要能力或資源互惠共享的交換型式存在',TO_DATE('2017-06-27 12:33:54','YYYY-MM-DD HH24:MI:SS'));

INSERT INTO FAQ(FAQ_NO,FAQ_CONTENT,FAQ_DATE)
VALUES('F'||LPAD(FAQ_NO.NEXTVAL,4,'0'),'Ｑ2、請問我可以在這個網站得到什麼 ？ Ａ2、當你需要任何協助或幫忙的時候，可以在本平台上提出你的需求，平台上的會員將會提供所需的協助，只要在對方完成協助後提供自己當初與對方協議的報酬即可',TO_DATE('2017-06-27 12:33:54','YYYY-MM-DD HH24:MI:SS'));

INSERT INTO FAQ(FAQ_NO,FAQ_CONTENT,FAQ_DATE)
VALUES('F'||LPAD(FAQ_NO.NEXTVAL,4,'0'),'Ｑ3、我可以在這個網站認識到其他人嗎 ？ Ａ3、如果你是一個熱心助人或想要交朋友的人，在我們平台上你將有機會接觸到各類對象，當完成任務後，除了能得到對方的報酬，本平台也會提供積分能兌換你想要的商品',TO_DATE('2017-06-27 12:33:54','YYYY-MM-DD HH24:MI:SS'));

INSERT INTO FAQ(FAQ_NO,FAQ_CONTENT,FAQ_DATE)
VALUES('F'||LPAD(FAQ_NO.NEXTVAL,4,'0'),'Ｑ4、在這個平台有什麼需要注意的嗎　？　Ａ4、本平台僅提供會員們可以交流的環境，若會員在此發生什麼違反法律的事情，本平台一概不負任何責任，也請會員們不要輕易以身試法，謝謝!',TO_DATE('2017-06-27 12:33:54','YYYY-MM-DD HH24:MI:SS'));

COMMIT;

--關注的工具人 FOLLOW_TOOL_MAN FAKE DATA--

INSERT INTO FOLLOW_TOOL_MAN(FOLLOWER_MEM_NO,FOLLOWED_MEM_NO,FOLLOW_STATUS)
VALUES('M000001','M000002',0);

INSERT INTO FOLLOW_TOOL_MAN(FOLLOWER_MEM_NO,FOLLOWED_MEM_NO,FOLLOW_STATUS)
VALUES('M000002','M000003',0);

INSERT INTO FOLLOW_TOOL_MAN(FOLLOWER_MEM_NO,FOLLOWED_MEM_NO,FOLLOW_STATUS)
VALUES('M000003','M000001',0);

INSERT INTO FOLLOW_TOOL_MAN(FOLLOWER_MEM_NO,FOLLOWED_MEM_NO,FOLLOW_STATUS)
VALUES('M000003','M000004',0);

INSERT INTO FOLLOW_TOOL_MAN(FOLLOWER_MEM_NO,FOLLOWED_MEM_NO,FOLLOW_STATUS)
VALUES('M000005','M000020',0);

INSERT INTO FOLLOW_TOOL_MAN(FOLLOWER_MEM_NO,FOLLOWED_MEM_NO,FOLLOW_STATUS)
VALUES('M000006','M000019',0);

INSERT INTO FOLLOW_TOOL_MAN(FOLLOWER_MEM_NO,FOLLOWED_MEM_NO,FOLLOW_STATUS)
VALUES('M000007','M000018',0);

INSERT INTO FOLLOW_TOOL_MAN(FOLLOWER_MEM_NO,FOLLOWED_MEM_NO,FOLLOW_STATUS)
VALUES('M000008','M000017',0);

INSERT INTO FOLLOW_TOOL_MAN(FOLLOWER_MEM_NO,FOLLOWED_MEM_NO,FOLLOW_STATUS)
VALUES('M000015','M000016',0);

INSERT INTO FOLLOW_TOOL_MAN(FOLLOWER_MEM_NO,FOLLOWED_MEM_NO,FOLLOW_STATUS)
VALUES('M000009','M000015',0);

COMMIT;


--關係 RELATION FAKE DATA--

INSERT INTO RELATION(MEM_NO ,RELATED_MEM_NO ,RELATION_STATUS )
VALUES('M000001','M000002',1);

INSERT INTO RELATION(MEM_NO ,RELATED_MEM_NO ,RELATION_STATUS)
VALUES('M000002','M000001',1);

INSERT INTO RELATION(MEM_NO ,RELATED_MEM_NO ,RELATION_STATUS)
VALUES('M000003','M000001',0);

INSERT INTO RELATION(MEM_NO ,RELATED_MEM_NO ,RELATION_STATUS)
VALUES('M000005','M000001',1);

INSERT INTO RELATION(MEM_NO ,RELATED_MEM_NO ,RELATION_STATUS)
VALUES('M000001','M000019',0);

INSERT INTO RELATION(MEM_NO ,RELATED_MEM_NO ,RELATION_STATUS)
VALUES('M000014','M000001',0);

INSERT INTO RELATION(MEM_NO ,RELATED_MEM_NO ,RELATION_STATUS)
VALUES('M000001','M000017',0);

INSERT INTO RELATION(MEM_NO ,RELATED_MEM_NO ,RELATION_STATUS)
VALUES('M000015','M000016',0);

INSERT INTO RELATION(MEM_NO ,RELATED_MEM_NO ,RELATION_STATUS)
VALUES('M000001','M000005',1);

INSERT INTO RELATION(MEM_NO ,RELATED_MEM_NO ,RELATION_STATUS)
VALUES('M000010','M000001',0);

COMMIT;


--==================================================--

--家駿--

--員工 EMP FAKE DATA--

INSERT INTO EMP(EMP_NO,EMP_NAME,EMP_PWD,EMP_MAIL,EMP_JOB,EMP_PHONE,EMP_STATE)VALUES('E'||LPAD(EMP_SEQ.NEXTVAL,6,'0'),'老闆',123,'a123@gmail.com','老闆',3345678,'在職');
INSERT INTO EMP(EMP_NO,EMP_NAME,EMP_PWD,EMP_MAIL,EMP_JOB,EMP_PHONE,EMP_STATE)VALUES('E'||LPAD(EMP_SEQ.NEXTVAL,6,'0'),'小王',123,'b123@gmail.com','打掃',3345678,'在職');
INSERT INTO EMP(EMP_NO,EMP_NAME,EMP_PWD,EMP_MAIL,EMP_JOB,EMP_PHONE,EMP_STATE)VALUES('E'||LPAD(EMP_SEQ.NEXTVAL,6,'0'),'小龜',123,'c123@gmail.com','工人',3345678,'在職');
INSERT INTO EMP(EMP_NO,EMP_NAME,EMP_PWD,EMP_MAIL,EMP_JOB,EMP_PHONE,EMP_STATE)VALUES('E'||LPAD(EMP_SEQ.NEXTVAL,6,'0'),'小淫蟲',123,'d123@gmail.com','胡鬧',3345678,'在職');
INSERT INTO EMP(EMP_NO,EMP_NAME,EMP_PWD,EMP_MAIL,EMP_JOB,EMP_PHONE,EMP_STATE)VALUES('E'||LPAD(EMP_SEQ.NEXTVAL,6,'0'),'脫線',123,'d123@gmail.com','胡鬧',3345678,'在職');
INSERT INTO EMP(EMP_NO,EMP_NAME,EMP_PWD,EMP_MAIL,EMP_JOB,EMP_PHONE,EMP_STATE)VALUES('E'||LPAD(EMP_SEQ.NEXTVAL,6,'0'),'寶寶',123,'d123@gmail.com','殭屍',3345678,'在職');
INSERT INTO EMP(EMP_NO,EMP_NAME,EMP_PWD,EMP_MAIL,EMP_JOB,EMP_PHONE,EMP_STATE)VALUES('E'||LPAD(EMP_SEQ.NEXTVAL,6,'0'),'脫線寶',123,'d123@gmail.com','廠長',3345678,'在職');
INSERT INTO EMP(EMP_NO,EMP_NAME,EMP_PWD,EMP_MAIL,EMP_JOB,EMP_PHONE,EMP_STATE)VALUES('E'||LPAD(EMP_SEQ.NEXTVAL,6,'0'),'小BK',123,'d123@gmail.com','掃地',3345678,'在職');
INSERT INTO EMP(EMP_NO,EMP_NAME,EMP_PWD,EMP_MAIL,EMP_JOB,EMP_PHONE,EMP_STATE)VALUES('E'||LPAD(EMP_SEQ.NEXTVAL,6,'0'),'武藤',123,'d123@gmail.com','主任',3345678,'在職');
INSERT INTO EMP(EMP_NO,EMP_NAME,EMP_PWD,EMP_MAIL,EMP_JOB,EMP_PHONE,EMP_STATE)VALUES('E'||LPAD(EMP_SEQ.NEXTVAL,6,'0'),'武藤驊',123,'d123@gmail.com','員工',3345678,'在職');

--權限功能 AUTH FAKE DATA--

INSERT INTO AUTH(AUTH_NO,AUTH_NAME)VALUES('AU'||LPAD(AUTH_SEQ.NEXTVAL,6,'0'),'會員管理權限');
INSERT INTO AUTH(AUTH_NO,AUTH_NAME)VALUES('AU'||LPAD(AUTH_SEQ.NEXTVAL,6,'0'),'商品管理權限');
INSERT INTO AUTH(AUTH_NO,AUTH_NAME)VALUES('AU'||LPAD(AUTH_SEQ.NEXTVAL,6,'0'),'任務管理權限');
INSERT INTO AUTH(AUTH_NO,AUTH_NAME)VALUES('AU'||LPAD(AUTH_SEQ.NEXTVAL,6,'0'),'排行管理權限');
INSERT INTO AUTH(AUTH_NO,AUTH_NAME)VALUES('AU'||LPAD(AUTH_SEQ.NEXTVAL,6,'0'),'討論管理權限');
INSERT INTO AUTH(AUTH_NO,AUTH_NAME)VALUES('AU'||LPAD(AUTH_SEQ.NEXTVAL,6,'0'),'員工管理權限');

--員工權限 COMP FAKE DATA--

INSERT INTO COMP(EMP_NO,AUTH_NO)VALUES('E000001','AU000001');
INSERT INTO COMP(EMP_NO,AUTH_NO)VALUES('E000001','AU000002');
INSERT INTO COMP(EMP_NO,AUTH_NO)VALUES('E000001','AU000003');
INSERT INTO COMP(EMP_NO,AUTH_NO)VALUES('E000001','AU000004');
INSERT INTO COMP(EMP_NO,AUTH_NO)VALUES('E000001','AU000005');
INSERT INTO COMP(EMP_NO,AUTH_NO)VALUES('E000001','AU000006');
INSERT INTO COMP(EMP_NO,AUTH_NO)VALUES('E000002','AU000002');
INSERT INTO COMP(EMP_NO,AUTH_NO)VALUES('E000003','AU000003');
INSERT INTO COMP(EMP_NO,AUTH_NO)VALUES('E000004','AU000004');
INSERT INTO COMP(EMP_NO,AUTH_NO)VALUES('E000005','AU000001');
INSERT INTO COMP(EMP_NO,AUTH_NO)VALUES('E000005','AU000002');
INSERT INTO COMP(EMP_NO,AUTH_NO)VALUES('E000006','AU000002');
INSERT INTO COMP(EMP_NO,AUTH_NO)VALUES('E000006','AU000003');
INSERT INTO COMP(EMP_NO,AUTH_NO)VALUES('E000007','AU000003');
INSERT INTO COMP(EMP_NO,AUTH_NO)VALUES('E000007','AU000001');
INSERT INTO COMP(EMP_NO,AUTH_NO)VALUES('E000008','AU000004');
INSERT INTO COMP(EMP_NO,AUTH_NO)VALUES('E000008','AU000002');
INSERT INTO COMP(EMP_NO,AUTH_NO)VALUES('E000009','AU000001');
INSERT INTO COMP(EMP_NO,AUTH_NO)VALUES('E000009','AU000004');
INSERT INTO COMP(EMP_NO,AUTH_NO)VALUES('E000010','AU000004');
INSERT INTO COMP(EMP_NO,AUTH_NO)VALUES('E000010','AU000003');
INSERT INTO COMP(EMP_NO,AUTH_NO)VALUES('E000010','AU000002');

--成就 ACHIEVE FAKE DATA--

INSERT INTO ACHIEVE(ACH_NO,ACH_NAME,ACH_EXPLAIN)VALUES('AC'||LPAD(ACH_SEQ.NEXTVAL,6,'0'),'初階','已完成十項任務');
INSERT INTO ACHIEVE(ACH_NO,ACH_NAME,ACH_EXPLAIN)VALUES('AC'||LPAD(ACH_SEQ.NEXTVAL,6,'0'),'中階','已完成百項任務');
INSERT INTO ACHIEVE(ACH_NO,ACH_NAME,ACH_EXPLAIN)VALUES('AC'||LPAD(ACH_SEQ.NEXTVAL,6,'0'),'高階','已完成千項任務');

--成就明細 ACHIEVE_DETAIL FAKE DATA--

INSERT INTO ACH_DETAIL(MEM_NO,ACH_NO,ACH_TIME)VALUES('M000001','AC000001',TO_DATE('2015-12-10 00:00:00','YYYY-MM-DD HH24:MI:SS'));
INSERT INTO ACH_DETAIL(MEM_NO,ACH_NO,ACH_TIME)VALUES('M000001','AC000002',TO_DATE('2015-12-11 00:00:00','YYYY-MM-DD HH24:MI:SS'));
INSERT INTO ACH_DETAIL(MEM_NO,ACH_NO,ACH_TIME)VALUES('M000001','AC000003',TO_DATE('2015-12-12 00:00:00','YYYY-MM-DD HH24:MI:SS'));
INSERT INTO ACH_DETAIL(MEM_NO,ACH_NO,ACH_TIME)VALUES('M000002','AC000001',TO_DATE('2016-1-13 00:00:00','YYYY-MM-DD HH24:MI:SS'));
INSERT INTO ACH_DETAIL(MEM_NO,ACH_NO,ACH_TIME)VALUES('M000002','AC000002',TO_DATE('2016-1-14 00:00:00','YYYY-MM-DD HH24:MI:SS'));
INSERT INTO ACH_DETAIL(MEM_NO,ACH_NO,ACH_TIME)VALUES('M000003','AC000001',TO_DATE('2017-9-17 00:00:00','YYYY-MM-DD HH24:MI:SS'));

--排行榜 RANK FAKE DATA--

INSERT INTO RANK(MEM_NO,DAY_NUMBER_RANK,DAY_SCORE_RANK,WEEK_NUMBER_RANK,MONTH_NUMBER_RANK,SEASON_NUMBER_RANK,WEEK_SCORE_RANK,MONTH_SCORE_RANK,SEASON_SCORE_RANK)
VALUES('M000001',3,5,7,8,9,1,2,2);
INSERT INTO RANK(MEM_NO,DAY_NUMBER_RANK,DAY_SCORE_RANK,WEEK_NUMBER_RANK,MONTH_NUMBER_RANK,SEASON_NUMBER_RANK,WEEK_SCORE_RANK,MONTH_SCORE_RANK,SEASON_SCORE_RANK)
VALUES('M000002',5,4,9,7,3,4,7,1);
INSERT INTO RANK(MEM_NO,DAY_NUMBER_RANK,DAY_SCORE_RANK,WEEK_NUMBER_RANK,MONTH_NUMBER_RANK,SEASON_NUMBER_RANK,WEEK_SCORE_RANK,MONTH_SCORE_RANK,SEASON_SCORE_RANK)
VALUES('M000003',4,8,4,6,8,9,5,8);
INSERT INTO RANK(MEM_NO,DAY_NUMBER_RANK,DAY_SCORE_RANK,WEEK_NUMBER_RANK,MONTH_NUMBER_RANK,SEASON_NUMBER_RANK,WEEK_SCORE_RANK,MONTH_SCORE_RANK,SEASON_SCORE_RANK)
VALUES('M000004',5,7,1,1,3,8,7,6);
INSERT INTO RANK(MEM_NO,DAY_NUMBER_RANK,DAY_SCORE_RANK,WEEK_NUMBER_RANK,MONTH_NUMBER_RANK,SEASON_NUMBER_RANK,WEEK_SCORE_RANK,MONTH_SCORE_RANK,SEASON_SCORE_RANK)
VALUES('M000005',1,7,6,5,5,2,6,7);
INSERT INTO RANK(MEM_NO,DAY_NUMBER_RANK,DAY_SCORE_RANK,WEEK_NUMBER_RANK,MONTH_NUMBER_RANK,SEASON_NUMBER_RANK,WEEK_SCORE_RANK,MONTH_SCORE_RANK,SEASON_SCORE_RANK)
VALUES('M000006',6,8,2,7,4,6,6,3);
INSERT INTO RANK(MEM_NO,DAY_NUMBER_RANK,DAY_SCORE_RANK,WEEK_NUMBER_RANK,MONTH_NUMBER_RANK,SEASON_NUMBER_RANK,WEEK_SCORE_RANK,MONTH_SCORE_RANK,SEASON_SCORE_RANK)
VALUES('M000007',3,5,4,6,6,8,2,5);
INSERT INTO RANK(MEM_NO,DAY_NUMBER_RANK,DAY_SCORE_RANK,WEEK_NUMBER_RANK,MONTH_NUMBER_RANK,SEASON_NUMBER_RANK,WEEK_SCORE_RANK,MONTH_SCORE_RANK,SEASON_SCORE_RANK)
VALUES('M000008',1,5,6,8,7,1,3,3);
INSERT INTO RANK(MEM_NO,DAY_NUMBER_RANK,DAY_SCORE_RANK,WEEK_NUMBER_RANK,MONTH_NUMBER_RANK,SEASON_NUMBER_RANK,WEEK_SCORE_RANK,MONTH_SCORE_RANK,SEASON_SCORE_RANK)
VALUES('M000009',3,3,7,8,5,1,5,2);
INSERT INTO RANK(MEM_NO,DAY_NUMBER_RANK,DAY_SCORE_RANK,WEEK_NUMBER_RANK,MONTH_NUMBER_RANK,SEASON_NUMBER_RANK,WEEK_SCORE_RANK,MONTH_SCORE_RANK,SEASON_SCORE_RANK)
VALUES('M000010',3,5,7,3,4,4,1,2);

--==================================================--

--勝驊--

--任務 MISSION FAKE DATA--

INSERT INTO MISSION(MISSION_NO, MISSION_CATEGORY , MISSION_NAME , MISSION_DES , ISSUER_MEM_NO ,  MISSION_RELEASE_TIME , MISSION_DUE_TIME , MISSION_STATE , MISSION_PATTERN ,MISSION_PAY ,MISSION_GPS_LAT ,MISSION_GPS_LNG)
VALUES('MISSION'||LPAD(to_char(MISSION_SEQ.NEXTVAL),9,'0'),'教育','教教我英文','幫幫我,我的英文爛的跟狗屎一樣 大QQ' , 'M000008', to_date('2017/11/18','yyyy/mm/dd'),to_date('2017/11/23','yyyy/mm/dd'),2,2,50.00,24.968283,121.194434  );

INSERT INTO MISSION(MISSION_NO, MISSION_CATEGORY , MISSION_NAME , MISSION_DES , ISSUER_MEM_NO ,  MISSION_RELEASE_TIME , MISSION_DUE_TIME , MISSION_STATE , MISSION_PATTERN ,MISSION_PAY ,MISSION_GPS_LAT ,MISSION_GPS_LNG)
VALUES('MISSION'||LPAD(to_char(MISSION_SEQ.NEXTVAL),9,'0') ,'其他','幫我打掃','阿~~~這個房間有蟑螂!!!幫我打掃我給你一頓飯喔 PS.我是正妹' , 'M000001', to_date('2017/11/18','yyyy/mm/dd'),to_date('2017/11/23','yyyy/mm/dd'),72,2,10.00,24.964766, 121.190856 );

INSERT INTO MISSION(MISSION_NO, MISSION_CATEGORY , MISSION_NAME , MISSION_DES , ISSUER_MEM_NO ,  MISSION_RELEASE_TIME , MISSION_DUE_TIME , MISSION_STATE , MISSION_PATTERN ,MISSION_PAY ,MISSION_GPS_LAT ,MISSION_GPS_LNG)
VALUES('MISSION'||LPAD(to_char(MISSION_SEQ.NEXTVAL),9,'0'),'修繕','幫我修電腦','電腦最近當當的,常常藍屏,跪求大大解救!!' , 'M000003', to_date('2017/11/20','yyyy/mm/dd'),to_date('2017/11/25','yyyy/mm/dd'),1,1,500.00,24.964766, 121.190856 );

INSERT INTO MISSION(MISSION_NO, MISSION_CATEGORY , MISSION_NAME , MISSION_DES , ISSUER_MEM_NO ,  MISSION_RELEASE_TIME , MISSION_DUE_TIME , MISSION_STATE , MISSION_PATTERN ,MISSION_PAY ,MISSION_GPS_LAT ,MISSION_GPS_LNG)
VALUES('MISSION'||LPAD(to_char(MISSION_SEQ.NEXTVAL),9,'0'),'修繕','幫我修理我的心','最近失戀了,可以幫我縫補我破碎的心嗎?' , 'M000002', to_date('2017/11/10','yyyy/mm/dd'),to_date('2017/11/15','yyyy/mm/dd'),72,1,1000.00,24.964766, 121.190856 );

INSERT INTO MISSION(MISSION_NO, MISSION_CATEGORY , MISSION_NAME , MISSION_DES , ISSUER_MEM_NO ,  MISSION_RELEASE_TIME , MISSION_DUE_TIME , MISSION_STATE , MISSION_PATTERN ,MISSION_PAY ,MISSION_GPS_LAT ,MISSION_GPS_LNG)
VALUES('MISSION'||LPAD(to_char(MISSION_SEQ.NEXTVAL),9,'0'),'修繕','紗窗問題','痾...紗窗壞壞,拜託幫幫' , 'M000003', to_date('2017/10/25','yyyy/mm/dd'),to_date('2017/10/30','yyyy/mm/dd'),2,1,1000.00,24.964766, 121.190856 );

INSERT INTO MISSION(MISSION_NO, MISSION_CATEGORY , MISSION_NAME , MISSION_DES , ISSUER_MEM_NO ,  MISSION_RELEASE_TIME , MISSION_DUE_TIME , MISSION_STATE , MISSION_PATTERN ,MISSION_PAY ,MISSION_GPS_LAT ,MISSION_GPS_LNG)
VALUES('MISSION'||LPAD(to_char(MISSION_SEQ.NEXTVAL),9,'0'),'教育','教育的喔','我想知道咪咪長怎樣可以告訴我嗎~XD' , 'M000002', to_date('2017/10/25','yyyy/mm/dd'),to_date('2017/10/30','yyyy/mm/dd'),72,2,2000.00,24.964766, 121.190856 );

INSERT INTO MISSION(MISSION_NO, MISSION_CATEGORY , MISSION_NAME , MISSION_DES , ISSUER_MEM_NO ,  MISSION_RELEASE_TIME , MISSION_DUE_TIME , MISSION_STATE , MISSION_PATTERN ,MISSION_PAY ,MISSION_GPS_LAT ,MISSION_GPS_LNG)
VALUES('MISSION'||LPAD(to_char(MISSION_SEQ.NEXTVAL),9,'0'),'其他','買午餐','最近下雨懶洋洋,給我一個可以幫我買午餐的人吧~' , 'M000005', to_date('2017/11/3','yyyy/mm/dd'),to_date('2017/11/8','yyyy/mm/dd'),1,1,20.00,24.964766, 121.190856 );

INSERT INTO MISSION(MISSION_NO, MISSION_CATEGORY , MISSION_NAME , MISSION_DES , ISSUER_MEM_NO ,  MISSION_RELEASE_TIME , MISSION_DUE_TIME , MISSION_STATE , MISSION_PATTERN ,MISSION_PAY ,MISSION_GPS_LAT ,MISSION_GPS_LNG)
VALUES('MISSION'||LPAD(to_char(MISSION_SEQ.NEXTVAL),9,'0'),'其他','洗衣服','請天上掉下來一個人幫我洗衣服吧~' , 'M000004', to_date('2017/11/3','yyyy/mm/dd'),to_date('2017/11/8','yyyy/mm/dd'),1,2,60.00,24.964766, 121.190856 );

INSERT INTO MISSION(MISSION_NO, MISSION_CATEGORY , MISSION_NAME , MISSION_DES , ISSUER_MEM_NO ,  MISSION_RELEASE_TIME , MISSION_DUE_TIME , MISSION_STATE , MISSION_PATTERN ,MISSION_PAY ,MISSION_GPS_LAT ,MISSION_GPS_LNG)
VALUES('MISSION'||LPAD(to_char(MISSION_SEQ.NEXTVAL),9,'0'),'教育','工數','救救我的工數!!!拜託拯救~' , 'M000003', to_date('2017/11/3','yyyy/mm/dd'),to_date('2017/11/8','yyyy/mm/dd'),1,2,200.00,24.964766, 121.190856 );

INSERT INTO MISSION(MISSION_NO, MISSION_CATEGORY , MISSION_NAME , MISSION_DES , ISSUER_MEM_NO ,TAKECASE_MEM_NO,  MISSION_RELEASE_TIME , MISSION_DUE_TIME , MISSION_STATE , MISSION_PATTERN ,MISSION_PAY ,MISSION_GPS_LAT ,MISSION_GPS_LNG)
VALUES('MISSION'||LPAD(to_char(MISSION_SEQ.NEXTVAL),9,'0'),'其他','需要主持人','呼叫!呼叫!即刻救援~!!!這裡需要一個可以主持婚禮的人阿!!!' , 'M000001','M000003', to_date('2017/11/3','yyyy/mm/dd'),to_date('2017/11/8','yyyy/mm/dd'),5,1,2500.00,24.964766, 121.190856 );

INSERT INTO MISSION(MISSION_NO, MISSION_CATEGORY , MISSION_NAME , MISSION_DES , ISSUER_MEM_NO ,TAKECASE_MEM_NO,  MISSION_RELEASE_TIME , MISSION_DUE_TIME , MISSION_STATE , MISSION_PATTERN ,MISSION_PAY ,MISSION_GPS_LAT ,MISSION_GPS_LNG)
VALUES('MISSION'||LPAD(to_char(MISSION_SEQ.NEXTVAL),9,'0'),'其他','一起吃個晚餐吧','嘿!有沒有人要一起揪晚餐阿' , 'M000002','M000004', to_date('2017/11/3','yyyy/mm/dd'),to_date('2017/11/8','yyyy/mm/dd'),5,2,50.00,24.964766, 121.190856 );

INSERT INTO MISSION(MISSION_NO, MISSION_CATEGORY , MISSION_NAME , MISSION_DES , ISSUER_MEM_NO ,TAKECASE_MEM_NO,  MISSION_RELEASE_TIME , MISSION_DUE_TIME , MISSION_STATE , MISSION_PATTERN ,MISSION_PAY ,MISSION_GPS_LAT ,MISSION_GPS_LNG)
VALUES('MISSION'||LPAD(to_char(MISSION_SEQ.NEXTVAL),9,'0'),'教育', '物理','恩...可以幫幫我的物理嗎~快被當了QQ' , 'M000004','M000003', to_date('2017/11/3','yyyy/mm/dd'),to_date('2017/11/8','yyyy/mm/dd'),4,2,50.00,24.964766, 121.190856 );

INSERT INTO MISSION(MISSION_NO, MISSION_CATEGORY , MISSION_NAME , MISSION_DES , ISSUER_MEM_NO , TAKECASE_MEM_NO, MISSION_RELEASE_TIME , MISSION_DUE_TIME , MISSION_STATE , MISSION_PATTERN ,MISSION_PAY ,MISSION_GPS_LAT ,MISSION_GPS_LNG)
VALUES('MISSION'||LPAD(to_char(MISSION_SEQ.NEXTVAL),9,'0'),'修繕','砂輪機壞了','靠~!!機台壞了!跪求大神幫忙~阿阿阿!!作業要GG了阿' , 'M000004','M000003', to_date('2017/11/3','yyyy/mm/dd'),to_date('2017/11/8','yyyy/mm/dd'),4,2,50.00,24.964766, 121.190856 );

INSERT INTO MISSION(MISSION_NO, MISSION_CATEGORY , MISSION_NAME , MISSION_DES , ISSUER_MEM_NO ,  MISSION_RELEASE_TIME , MISSION_DUE_TIME , MISSION_STATE , MISSION_PATTERN ,MISSION_PAY ,MISSION_GPS_LAT ,MISSION_GPS_LNG)
VALUES('MISSION'||LPAD(to_char(MISSION_SEQ.NEXTVAL),9,'0'),'其他','顧小孩','恩...最近事情一大堆~需要一個人幫我顧小孩~!' , 'M000001', to_date('2017/11/3','yyyy/mm/dd'),to_date('2017/11/8','yyyy/mm/dd'),7,2,700.00,24.964766, 121.190856 );

INSERT INTO MISSION(MISSION_NO, MISSION_CATEGORY , MISSION_NAME , MISSION_DES , ISSUER_MEM_NO ,TAKECASE_MEM_NO,  MISSION_RELEASE_TIME , MISSION_DUE_TIME , MISSION_STATE , MISSION_PATTERN ,MISSION_PAY ,MISSION_GPS_LAT ,MISSION_GPS_LNG)
VALUES('MISSION'||LPAD(to_char(MISSION_SEQ.NEXTVAL),9,'0'),'修繕','馬桶壞了QQ','糟糕糟糕,馬桶壞了!!!求幫幫' , 'M000001', 'M000003',to_date('2017/11/3','yyyy/mm/dd'),to_date('2017/11/8','yyyy/mm/dd'),3,2,100.00,24.964766, 121.190856 );

 --官方任務    
INSERT INTO MISSION(MISSION_NO, MISSION_CATEGORY , MISSION_NAME , MISSION_DES , ISSUER_MEM_NO ,  MISSION_RELEASE_TIME , MISSION_DUE_TIME , MISSION_STATE , MISSION_PATTERN ,MISSION_PAY ,MISSION_GPS_LAT ,MISSION_GPS_LNG)
VALUES('MISSION'||LPAD(to_char(MISSION_SEQ.NEXTVAL),9,'0'),'官方','按個讚','幫忙按個讚!!!' , 'OFFICAL000001', SYSDATE,SYSDATE+5,1,3,10.00,24.967742,121.191700 );
  
INSERT INTO MISSION(MISSION_NO, MISSION_CATEGORY , MISSION_NAME , MISSION_DES , ISSUER_MEM_NO ,  MISSION_RELEASE_TIME , MISSION_DUE_TIME , MISSION_STATE , MISSION_PATTERN ,MISSION_PAY ,MISSION_GPS_LAT ,MISSION_GPS_LNG)
VALUES('MISSION'||LPAD(to_char(MISSION_SEQ.NEXTVAL),9,'0'),'官方','有我罩你','長照服務即刻起開通囉,家有一寶的你們,這是你們的福音,現在就去逛逛吧!!!' , 'OFFICAL000001', SYSDATE,SYSDATE+5,1,3,20.00,24.967742,121.19170 );
  
INSERT INTO MISSION(MISSION_NO, MISSION_CATEGORY , MISSION_NAME , MISSION_DES , ISSUER_MEM_NO ,  MISSION_RELEASE_TIME , MISSION_DUE_TIME , MISSION_STATE , MISSION_PATTERN ,MISSION_PAY ,MISSION_GPS_LAT ,MISSION_GPS_LNG)
VALUES('MISSION'||LPAD(to_char(MISSION_SEQ.NEXTVAL),9,'0'),'官方','揪茶去','超猛網站揪茶去 即刻現身!!!愛喝飲料的朋友們~你們不容錯過' , 'OFFICAL000001', SYSDATE,SYSDATE+5,1,3,20.00,24.967742,121.19170 );
  
INSERT INTO MISSION(MISSION_NO, MISSION_CATEGORY , MISSION_NAME , MISSION_DES , ISSUER_MEM_NO ,  MISSION_RELEASE_TIME , MISSION_DUE_TIME , MISSION_STATE , MISSION_PATTERN ,MISSION_PAY ,MISSION_GPS_LAT ,MISSION_GPS_LNG)
VALUES('MISSION'||LPAD(to_char(MISSION_SEQ.NEXTVAL),9,'0'),'官方','探險GO寶','還在為長假時不知如何是好而煩惱嗎?即刻起探險GO寶就是你的新選擇!!' , 'OFFICAL000001', SYSDATE,SYSDATE+5,1,3,20.00,24.967742,121.19170 );
  
INSERT INTO MISSION(MISSION_NO, MISSION_CATEGORY , MISSION_NAME , MISSION_DES , ISSUER_MEM_NO ,  MISSION_RELEASE_TIME , MISSION_DUE_TIME , MISSION_STATE , MISSION_PATTERN ,MISSION_PAY ,MISSION_GPS_LAT ,MISSION_GPS_LNG)
VALUES('MISSION'||LPAD(to_char(MISSION_SEQ.NEXTVAL),9,'0'),'官方','好房市','來來來~想要更划算的獲得更好得房子價格,獲得最好的搬家體驗嗎?好房市歡迎你' , 'OFFICAL000001', SYSDATE,SYSDATE+5,1,3,20.00,24.967742,121.19170 );
   

INSERT INTO MISSION(MISSION_NO, MISSION_CATEGORY , MISSION_NAME , MISSION_DES , ISSUER_MEM_NO ,TAKECASE_MEM_NO ,  MISSION_RELEASE_TIME , MISSION_DUE_TIME , MISSION_STATE , MISSION_PATTERN ,MISSION_PAY ,MISSION_GPS_LAT ,MISSION_GPS_LNG)
VALUES('MISSION'||LPAD(to_char(MISSION_SEQ.NEXTVAL),9,'0'),'其他','癢癢臭臭der','就是癢癢的啊','M000005','M000016',to_date('2017/10/25','yyyy/mm/dd'),to_date('2017/10/27','yyyy/mm/dd'),8,2,20,24.962197, 121.190458);

INSERT INTO MISSION(MISSION_NO, MISSION_CATEGORY , MISSION_NAME , MISSION_DES , ISSUER_MEM_NO ,TAKECASE_MEM_NO ,  MISSION_RELEASE_TIME , MISSION_DUE_TIME , MISSION_STATE , MISSION_PATTERN ,MISSION_PAY ,MISSION_GPS_LAT ,MISSION_GPS_LNG)
VALUES('MISSION'||LPAD(to_char(MISSION_SEQ.NEXTVAL),9,'0'),'其他','積積陰陰德','最近有點陰','M000006','M000010',to_date('2017/10/17','yyyy/mm/dd'),to_date('2017/10/19','yyyy/mm/dd'),8,2,50,24.965651, 121.190727);

INSERT INTO MISSION(MISSION_NO, MISSION_CATEGORY , MISSION_NAME , MISSION_DES , ISSUER_MEM_NO ,TAKECASE_MEM_NO ,  MISSION_RELEASE_TIME , MISSION_DUE_TIME , MISSION_STATE , MISSION_PATTERN ,MISSION_PAY ,MISSION_GPS_LAT ,MISSION_GPS_LNG)
VALUES('MISSION'||LPAD(to_char(MISSION_SEQ.NEXTVAL),9,'0'),'修繕','需要修理靈車','如果可以的話請快點，我們趕著要過河','M000007','M000004',to_date('2017/10/13','yyyy/mm/dd'),to_date('2017/10/15','yyyy/mm/dd'),8,2,20,24.979352, 121.200471);

INSERT INTO MISSION(MISSION_NO, MISSION_CATEGORY , MISSION_NAME , MISSION_DES , ISSUER_MEM_NO ,TAKECASE_MEM_NO ,  MISSION_RELEASE_TIME , MISSION_DUE_TIME , MISSION_STATE , MISSION_PATTERN ,MISSION_PAY ,MISSION_GPS_LAT ,MISSION_GPS_LNG)
VALUES('MISSION'||LPAD(to_char(MISSION_SEQ.NEXTVAL),9,'0'),'修繕','機車在高速公路爆炸','騎到一半就爆炸了，在五股交流道這裡','M000008','M000005',to_date('2017/10/09','yyyy/mm/dd'),to_date('2017/10/11','yyyy/mm/dd'),8,2,40,25.070299, 121.436521);

INSERT INTO MISSION(MISSION_NO, MISSION_CATEGORY , MISSION_NAME , MISSION_DES , ISSUER_MEM_NO ,TAKECASE_MEM_NO ,  MISSION_RELEASE_TIME , MISSION_DUE_TIME , MISSION_STATE , MISSION_PATTERN ,MISSION_PAY ,MISSION_GPS_LAT ,MISSION_GPS_LNG)
VALUES('MISSION'||LPAD(to_char(MISSION_SEQ.NEXTVAL),9,'0'),'修繕','有人會修火箭嗎','再過30分鐘後要發射了請問有人會修嗎','M000009','M000006',to_date('2017/10/05','yyyy/mm/dd'),to_date('2017/10/07','yyyy/mm/dd'),8,2,30,25.047730, 121.517039);

INSERT INTO MISSION(MISSION_NO, MISSION_CATEGORY , MISSION_NAME , MISSION_DES , ISSUER_MEM_NO ,TAKECASE_MEM_NO ,  MISSION_RELEASE_TIME , MISSION_DUE_TIME , MISSION_STATE , MISSION_PATTERN ,MISSION_PAY ,MISSION_GPS_LAT ,MISSION_GPS_LNG)
VALUES('MISSION'||LPAD(to_char(MISSION_SEQ.NEXTVAL),9,'0'),'交友','給我你的愛','給我你的愛手拉著手不放開','M000010',NULL,to_date('2017/10/01','yyyy/mm/dd'),to_date('2017/10/03','yyyy/mm/dd'),1,2,30,24.953637, 121.225778);

INSERT INTO MISSION(MISSION_NO, MISSION_CATEGORY , MISSION_NAME , MISSION_DES , ISSUER_MEM_NO ,TAKECASE_MEM_NO ,  MISSION_RELEASE_TIME , MISSION_DUE_TIME , MISSION_STATE , MISSION_PATTERN ,MISSION_PAY ,MISSION_GPS_LAT ,MISSION_GPS_LNG)
VALUES('MISSION'||LPAD(to_char(MISSION_SEQ.NEXTVAL),9,'0'),'交友','專屬天使','你是我的專屬天使嗎?','M000011',NULL,to_date('2017/09/27','yyyy/mm/dd'),to_date('2017/09/29','yyyy/mm/dd'),1,2,20,24.953637, 121.225778);

INSERT INTO MISSION(MISSION_NO, MISSION_CATEGORY , MISSION_NAME , MISSION_DES , ISSUER_MEM_NO ,TAKECASE_MEM_NO ,  MISSION_RELEASE_TIME , MISSION_DUE_TIME , MISSION_STATE , MISSION_PATTERN ,MISSION_PAY ,MISSION_GPS_LAT ,MISSION_GPS_LNG)
VALUES('MISSION'||LPAD(to_char(MISSION_SEQ.NEXTVAL),9,'0'),'交友','那不是雪中紅','有人可以陪我一起失戀嗎','M000012',NULL,to_date('2017/09/23','yyyy/mm/dd'),to_date('2017/09/25','yyyy/mm/dd'),1,2,30,24.953637, 121.225778);

INSERT INTO MISSION(MISSION_NO, MISSION_CATEGORY , MISSION_NAME , MISSION_DES , ISSUER_MEM_NO ,TAKECASE_MEM_NO ,  MISSION_RELEASE_TIME , MISSION_DUE_TIME , MISSION_STATE , MISSION_PATTERN ,MISSION_PAY ,MISSION_GPS_LAT ,MISSION_GPS_LNG)
VALUES('MISSION'||LPAD(to_char(MISSION_SEQ.NEXTVAL),9,'0'),'其他','而我聽見下雨的聲音','幫我帶傘謝謝','M000013',NULL,to_date('2017/09/19','yyyy/mm/dd'),to_date('2017/09/21','yyyy/mm/dd'),1,2,20,24.954236, 121.225847);

INSERT INTO MISSION(MISSION_NO, MISSION_CATEGORY , MISSION_NAME , MISSION_DES , ISSUER_MEM_NO ,TAKECASE_MEM_NO ,  MISSION_RELEASE_TIME , MISSION_DUE_TIME , MISSION_STATE , MISSION_PATTERN ,MISSION_PAY ,MISSION_GPS_LAT ,MISSION_GPS_LNG)
VALUES('MISSION'||LPAD(to_char(MISSION_SEQ.NEXTVAL),9,'0'),'教育','人生碰到了障礙','我覺得最近很難過，我已經買好槍了','M000014',NULL,to_date('2017/09/15','yyyy/mm/dd'),to_date('2017/09/17','yyyy/mm/dd'),1,2,50,24.954016, 121.225775);

INSERT INTO MISSION(MISSION_NO, MISSION_CATEGORY , MISSION_NAME , MISSION_DES , ISSUER_MEM_NO ,TAKECASE_MEM_NO ,  MISSION_RELEASE_TIME , MISSION_DUE_TIME , MISSION_STATE , MISSION_PATTERN ,MISSION_PAY ,MISSION_GPS_LAT ,MISSION_GPS_LNG)
VALUES('MISSION'||LPAD(to_char(MISSION_SEQ.NEXTVAL),9,'0'),'教育','徵求西班牙文家教','本科系，留學過佳','M000015',NULL,to_date('2017/09/11','yyyy/mm/dd'),to_date('2017/09/13','yyyy/mm/dd'),1,2,30,24.962219, 121.190739);

INSERT INTO MISSION(MISSION_NO, MISSION_CATEGORY , MISSION_NAME , MISSION_DES , ISSUER_MEM_NO ,TAKECASE_MEM_NO ,  MISSION_RELEASE_TIME , MISSION_DUE_TIME , MISSION_STATE , MISSION_PATTERN ,MISSION_PAY ,MISSION_GPS_LAT ,MISSION_GPS_LNG)
VALUES('MISSION'||LPAD(to_char(MISSION_SEQ.NEXTVAL),9,'0'),'教育','徵求巨乳家教','嘿嘿嘿','M000016',NULL,to_date('2017/09/07','yyyy/mm/dd'),to_date('2017/09/09','yyyy/mm/dd'),1,2,30,24.962219, 121.190739);

INSERT INTO MISSION(MISSION_NO, MISSION_CATEGORY , MISSION_NAME , MISSION_DES , ISSUER_MEM_NO ,TAKECASE_MEM_NO ,  MISSION_RELEASE_TIME , MISSION_DUE_TIME , MISSION_STATE , MISSION_PATTERN ,MISSION_PAY ,MISSION_GPS_LAT ,MISSION_GPS_LNG)
VALUES('MISSION'||LPAD(to_char(MISSION_SEQ.NEXTVAL),9,'0'),'修繕','身上水龍頭壞了','不知道為什麼最近尿尿都會滴到鞋','M000017',NULL,to_date('2017/09/03','yyyy/mm/dd'),to_date('2017/09/05','yyyy/mm/dd'),1,2,40,24.967742,121.19170);

INSERT INTO MISSION(MISSION_NO, MISSION_CATEGORY , MISSION_NAME , MISSION_DES , ISSUER_MEM_NO ,TAKECASE_MEM_NO ,  MISSION_RELEASE_TIME , MISSION_DUE_TIME , MISSION_STATE , MISSION_PATTERN ,MISSION_PAY ,MISSION_GPS_LAT ,MISSION_GPS_LNG)
VALUES('MISSION'||LPAD(to_char(MISSION_SEQ.NEXTVAL),9,'0'),'修繕','木星的探測器壞了','這裡是歐洲航天中心，不要理NASA，急徵','M000018',NULL,to_date('2017/08/30','yyyy/mm/dd'),to_date('2017/09/01','yyyy/mm/dd'),1,2,30,24.967742,121.19170);

INSERT INTO MISSION(MISSION_NO, MISSION_CATEGORY , MISSION_NAME , MISSION_DES , ISSUER_MEM_NO ,TAKECASE_MEM_NO ,  MISSION_RELEASE_TIME , MISSION_DUE_TIME , MISSION_STATE , MISSION_PATTERN ,MISSION_PAY ,MISSION_GPS_LAT ,MISSION_GPS_LNG)
VALUES('MISSION'||LPAD(to_char(MISSION_SEQ.NEXTVAL),9,'0'),'修繕','過20分鐘後要發射','這裡是NASA，吵到抱歉','M000019',NULL,to_date('2017/08/26','yyyy/mm/dd'),to_date('2017/08/28','yyyy/mm/dd'),1,2,20,24.967742,121.19170);

INSERT INTO MISSION(MISSION_NO, MISSION_CATEGORY , MISSION_NAME , MISSION_DES , ISSUER_MEM_NO ,TAKECASE_MEM_NO ,  MISSION_RELEASE_TIME , MISSION_DUE_TIME , MISSION_STATE , MISSION_PATTERN ,MISSION_PAY ,MISSION_GPS_LAT ,MISSION_GPS_LNG)
VALUES('MISSION'||LPAD(to_char(MISSION_SEQ.NEXTVAL),9,'0'),'交友','你算甚麼男人','MV甜點看起來好好ㄘ喔','M000020',NULL,to_date('2017/08/22','yyyy/mm/dd'),to_date('2017/08/24','yyyy/mm/dd'),1,2,30,24.967742,121.19170);
 
INSERT INTO MISSION(MISSION_NO, MISSION_CATEGORY , MISSION_NAME , MISSION_DES , ISSUER_MEM_NO ,TAKECASE_MEM_NO ,  MISSION_RELEASE_TIME , MISSION_DUE_TIME , MISSION_STATE , MISSION_PATTERN ,MISSION_PAY ,MISSION_GPS_LAT ,MISSION_GPS_LNG)
VALUES('MISSION'||LPAD(to_char(MISSION_SEQ.NEXTVAL),9,'0'),'交友','我忌妒你的愛氣勢如虹','像個人氣高居不下的天后','M000003',NULL,to_date('2017/08/18','yyyy/mm/dd'),to_date('2017/08/20','yyyy/mm/dd'),1,2,10,24.967742,121.19170);

INSERT INTO MISSION(MISSION_NO, MISSION_CATEGORY , MISSION_NAME , MISSION_DES , ISSUER_MEM_NO ,TAKECASE_MEM_NO ,  MISSION_RELEASE_TIME , MISSION_DUE_TIME , MISSION_STATE , MISSION_PATTERN ,MISSION_PAY ,MISSION_GPS_LAT ,MISSION_GPS_LNG)
VALUES('MISSION'||LPAD(to_char(MISSION_SEQ.NEXTVAL),9,'0'),'交友','當你孤單你會想起誰:)','你想不想找個人來陪','M000004',NULL,to_date('2017/08/14','yyyy/mm/dd'),to_date('2017/08/16','yyyy/mm/dd'),1,2,30,24.967742,121.19170);

INSERT INTO MISSION(MISSION_NO, MISSION_CATEGORY , MISSION_NAME , MISSION_DES , ISSUER_MEM_NO ,TAKECASE_MEM_NO ,  MISSION_RELEASE_TIME , MISSION_DUE_TIME , MISSION_STATE , MISSION_PATTERN ,MISSION_PAY ,MISSION_GPS_LAT ,MISSION_GPS_LNG)
VALUES('MISSION'||LPAD(to_char(MISSION_SEQ.NEXTVAL),9,'0'),'其他','請人試喝我的湯','地點在奈何橋附近','M000005',NULL,to_date('2017/08/10','yyyy/mm/dd'),to_date('2017/08/12','yyyy/mm/dd'),1,2,20,24.967742,121.19170);

INSERT INTO MISSION(MISSION_NO, MISSION_CATEGORY , MISSION_NAME , MISSION_DES , ISSUER_MEM_NO ,TAKECASE_MEM_NO ,  MISSION_RELEASE_TIME , MISSION_DUE_TIME , MISSION_STATE , MISSION_PATTERN ,MISSION_PAY ,MISSION_GPS_LAT ,MISSION_GPS_LNG)
VALUES('MISSION'||LPAD(to_char(MISSION_SEQ.NEXTVAL),9,'0'),'其他','當我想起你怎會淚流','當你開心的時候，也是我快樂的時候','M000006',NULL,to_date('2017/08/06','yyyy/mm/dd'),to_date('2017/08/08','yyyy/mm/dd'),1,2,30,24.967742,121.19170);





--任務圖片 MISSION_IMAGES FAKE DATA--
INSERT INTO MISSION_IMAGES(IMAGE_NO , MISSION_NO, ISSUER_MEM_NO ,ISSUER_IMAGES)

VALUES('PIC'||LPAD(IMAGE_SEQ.NEXTVAL,6,'0'),'MISSION000000001','M000008',load_blob('m1.jpg'));

INSERT INTO MISSION_IMAGES(IMAGE_NO , MISSION_NO, ISSUER_MEM_NO ,ISSUER_IMAGES)
VALUES('PIC'||LPAD(IMAGE_SEQ.NEXTVAL,6,'0'),'MISSION000000001','M000008',load_blob('m1_2.jpg'));

INSERT INTO MISSION_IMAGES(IMAGE_NO , MISSION_NO, ISSUER_MEM_NO ,ISSUER_IMAGES)
VALUES('PIC'||LPAD(IMAGE_SEQ.NEXTVAL,6,'0'),'MISSION000000002','M000001',load_blob('m2_1.jpg'));

INSERT INTO MISSION_IMAGES(IMAGE_NO , MISSION_NO, ISSUER_MEM_NO ,ISSUER_IMAGES)
VALUES('PIC'||LPAD(IMAGE_SEQ.NEXTVAL,6,'0'),'MISSION000000002','M000001',load_blob('m2_2.jpg'));

INSERT INTO MISSION_IMAGES(IMAGE_NO , MISSION_NO, ISSUER_MEM_NO ,ISSUER_IMAGES)
VALUES('PIC'||LPAD(IMAGE_SEQ.NEXTVAL,6,'0'),'MISSION000000002','M000001',load_blob('m2_3.jpg'));

INSERT INTO MISSION_IMAGES(IMAGE_NO , MISSION_NO, ISSUER_MEM_NO ,ISSUER_IMAGES)
VALUES('PIC'||LPAD(IMAGE_SEQ.NEXTVAL,6,'0'),'MISSION000000002','M000001',load_blob('m2_4.jpg'));

INSERT INTO MISSION_IMAGES(IMAGE_NO , MISSION_NO, ISSUER_MEM_NO ,ISSUER_IMAGES)
VALUES('PIC'||LPAD(IMAGE_SEQ.NEXTVAL,6,'0'),'MISSION000000002','M000001',load_blob('m2_5.jpg'));

INSERT INTO MISSION_IMAGES(IMAGE_NO , MISSION_NO, ISSUER_MEM_NO ,ISSUER_IMAGES)
VALUES('PIC'||LPAD(IMAGE_SEQ.NEXTVAL,6,'0'),'MISSION000000002','M000001',load_blob('m2_6.jpg'));

INSERT INTO MISSION_IMAGES(IMAGE_NO , MISSION_NO, ISSUER_MEM_NO ,ISSUER_IMAGES)
VALUES('PIC'||LPAD(IMAGE_SEQ.NEXTVAL,6,'0'),'MISSION000000003','M000003',load_blob('m3_1.jpg'));

INSERT INTO MISSION_IMAGES(IMAGE_NO , MISSION_NO, ISSUER_MEM_NO ,ISSUER_IMAGES)
VALUES('PIC'||LPAD(IMAGE_SEQ.NEXTVAL,6,'0'),'MISSION000000003','M000003',load_blob('m3_2.jpg'));

INSERT INTO MISSION_IMAGES(IMAGE_NO , MISSION_NO, ISSUER_MEM_NO ,ISSUER_IMAGES)
VALUES('PIC'||LPAD(IMAGE_SEQ.NEXTVAL,6,'0'),'MISSION000000004','M000002',load_blob('m4.jpg'));

INSERT INTO MISSION_IMAGES(IMAGE_NO , MISSION_NO, ISSUER_MEM_NO ,ISSUER_IMAGES)
VALUES('PIC'||LPAD(IMAGE_SEQ.NEXTVAL,6,'0'),'MISSION000000005','M000003',load_blob('m5.jpg'));

INSERT INTO MISSION_IMAGES(IMAGE_NO , MISSION_NO, ISSUER_MEM_NO ,ISSUER_IMAGES)
VALUES('PIC'||LPAD(IMAGE_SEQ.NEXTVAL,6,'0'),'MISSION000000006','M000002',load_blob('m6.jpg'));

INSERT INTO MISSION_IMAGES(IMAGE_NO , MISSION_NO, ISSUER_MEM_NO ,ISSUER_IMAGES)
VALUES('PIC'||LPAD(IMAGE_SEQ.NEXTVAL,6,'0'),'MISSION000000007','M000005',load_blob('m7.jpg'));

INSERT INTO MISSION_IMAGES(IMAGE_NO , MISSION_NO, ISSUER_MEM_NO ,ISSUER_IMAGES)
VALUES('PIC'||LPAD(IMAGE_SEQ.NEXTVAL,6,'0'),'MISSION000000008','M000004',load_blob('m8.jpg'));

INSERT INTO MISSION_IMAGES(IMAGE_NO , MISSION_NO, ISSUER_MEM_NO ,ISSUER_IMAGES)
VALUES('PIC'||LPAD(IMAGE_SEQ.NEXTVAL,6,'0'),'MISSION000000009','M000003',load_blob('m9.jpg'));

INSERT INTO MISSION_IMAGES(IMAGE_NO , MISSION_NO, ISSUER_MEM_NO ,ISSUER_IMAGES)
VALUES('PIC'||LPAD(IMAGE_SEQ.NEXTVAL,6,'0'),'MISSION000000010','M000001',load_blob('m10.jpg'));

INSERT INTO MISSION_IMAGES(IMAGE_NO , MISSION_NO, ISSUER_MEM_NO ,ISSUER_IMAGES)
VALUES('PIC'||LPAD(IMAGE_SEQ.NEXTVAL,6,'0'),'MISSION000000011','M000002',load_blob('m11.jpg'));

INSERT INTO MISSION_IMAGES(IMAGE_NO , MISSION_NO, ISSUER_MEM_NO ,ISSUER_IMAGES)
VALUES('PIC'||LPAD(IMAGE_SEQ.NEXTVAL,6,'0'),'MISSION000000012','M000004',load_blob('m12.jpg'));

INSERT INTO MISSION_IMAGES(IMAGE_NO , MISSION_NO, ISSUER_MEM_NO ,ISSUER_IMAGES)
VALUES('PIC'||LPAD(IMAGE_SEQ.NEXTVAL,6,'0'),'MISSION000000013','M000004',load_blob('m13.jpg'));

INSERT INTO MISSION_IMAGES(IMAGE_NO , MISSION_NO, ISSUER_MEM_NO ,ISSUER_IMAGES)
VALUES('PIC'||LPAD(IMAGE_SEQ.NEXTVAL,6,'0'),'MISSION000000014','M000001',load_blob('m14.jpg'));

INSERT INTO MISSION_IMAGES(IMAGE_NO , MISSION_NO, ISSUER_MEM_NO ,ISSUER_IMAGES)
VALUES('PIC'||LPAD(IMAGE_SEQ.NEXTVAL,6,'0'),'MISSION000000015','M000001',load_blob('m15.jpg'));

COMMIT;

--接案候選人 CASE_CANDIDATE FAKE DATA--

INSERT INTO CASE_CANDIDATE( MISSION_NO,CANDIDATE_MEM_NO ,ISSUER_INVITING)
VALUES('MISSION000000001','M000001',1);
INSERT INTO CASE_CANDIDATE( MISSION_NO,CANDIDATE_MEM_NO ,ISSUER_INVITING)
VALUES('MISSION000000001','M000002',1);
INSERT INTO CASE_CANDIDATE( MISSION_NO,CANDIDATE_MEM_NO ,ISSUER_INVITING)
VALUES('MISSION000000001','M000003',1);
INSERT INTO CASE_CANDIDATE( MISSION_NO,CANDIDATE_MEM_NO ,ISSUER_INVITING)
VALUES('MISSION000000002','M000002',1);
INSERT INTO CASE_CANDIDATE( MISSION_NO,CANDIDATE_MEM_NO ,ISSUER_INVITING)
VALUES('MISSION000000002','M000003',1);
INSERT INTO CASE_CANDIDATE( MISSION_NO,CANDIDATE_MEM_NO ,ISSUER_INVITING)
VALUES('MISSION000000002','M000013',1);
INSERT INTO CASE_CANDIDATE( MISSION_NO,CANDIDATE_MEM_NO ,ISSUER_INVITING)
VALUES('MISSION000000002','M000018',1);
INSERT INTO CASE_CANDIDATE( MISSION_NO,CANDIDATE_MEM_NO ,ISSUER_INVITING)
VALUES('MISSION000000004','M000004',1);
INSERT INTO CASE_CANDIDATE( MISSION_NO,CANDIDATE_MEM_NO ,ISSUER_INVITING)
VALUES('MISSION000000005','M000004',1);
INSERT INTO CASE_CANDIDATE( MISSION_NO,CANDIDATE_MEM_NO ,ISSUER_INVITING)
VALUES('MISSION000000006','M000017',1);
COMMIT;

--檢舉案件 ACCUSE_CASE--

INSERT INTO ACCUSE_CASE(ACCUSE_NO, MISSION_NO ,ACCUSER_NO ,EMP_NO ,ACCUSE_DATE  , ACCUSE_DETAIL,ACCUSE_STATE)
VALUES(to_char(sysdate,'yyyymmdd')||'ACC'||LPAD(to_char(ACCUSE_SEQ.NEXTVAL),7,'0') ,'MISSION000000004','M000003','E000004',  sysdate,'這根本跟修繕無關',1);


INSERT INTO ACCUSE_CASE(ACCUSE_NO, MISSION_NO ,ACCUSER_NO ,EMP_NO ,ACCUSE_DATE  , ACCUSE_DETAIL,ACCUSE_STATE)
VALUES(to_char(sysdate,'yyyymmdd')||'ACC'||LPAD(to_char(ACCUSE_SEQ.NEXTVAL),7,'0') ,'MISSION000000006','M000001','E000004',  sysdate,'大大!!!有變態',1);


INSERT INTO ACCUSE_CASE(ACCUSE_NO, MISSION_NO ,ACCUSER_NO ,EMP_NO ,ACCUSE_DATE  , ACCUSE_DETAIL,ACCUSE_STATE)
VALUES(to_char(sysdate,'yyyymmdd')||'ACC'||LPAD(to_char(ACCUSE_SEQ.NEXTVAL),7,'0') ,'MISSION000000004','M000001','',  sysdate,'我覺得這個任務不行',1);


INSERT INTO ACCUSE_CASE(ACCUSE_NO, MISSION_NO ,ACCUSER_NO ,EMP_NO ,ACCUSE_DATE  , ACCUSE_DETAIL,ACCUSE_STATE)
VALUES(to_char(sysdate,'yyyymmdd')||'ACC'||LPAD(to_char(ACCUSE_SEQ.NEXTVAL),7,'0') ,'MISSION000000002','M000004','',  sysdate,'我覺得他不是 騙人',1);


INSERT INTO ACCUSE_CASE(ACCUSE_NO, MISSION_NO ,ACCUSER_NO ,EMP_NO ,ACCUSE_DATE  , ACCUSE_DETAIL,ACCUSE_STATE)
VALUES(to_char(sysdate,'yyyymmdd')||'ACC'||LPAD(to_char(ACCUSE_SEQ.NEXTVAL),7,'0') ,'MISSION000000006','M000003','',  sysdate,'警察叔叔這裡有怪人',1);

INSERT INTO ACCUSE_CASE(ACCUSE_NO, MISSION_NO ,ACCUSER_NO ,EMP_NO ,ACCUSE_DATE  , ACCUSE_DETAIL,ACCUSE_STATE)
VALUES(to_char(sysdate,'yyyymmdd')||'ACC'||LPAD(to_char(ACCUSE_SEQ.NEXTVAL),7,'0') ,'MISSION000000014','M000007','',  sysdate,'我覺得他沒有小孩 呵呵',1);
COMMIT;

--任務評論 MISSION_COMMENT--

insert into mission_comment(REVIEWER,LISTENER,MISSION_NO,COMMENT_DETAIL,COMMENT_POINT,COMMENT_TIME)values('M000005','M000016','MISSION000000021','沒有解決我的癢哦',2,sysdate);
insert into mission_comment(REVIEWER,LISTENER,MISSION_NO,COMMENT_DETAIL,COMMENT_POINT,COMMENT_TIME)values('M000016','M000005','MISSION000000021','害我也跟著癢了喇',1,sysdate);
insert into mission_comment(REVIEWER,LISTENER,MISSION_NO,COMMENT_DETAIL,COMMENT_POINT,COMMENT_TIME)values('M000006','M000010','MISSION000000022','我不想陰',4,sysdate);
insert into mission_comment(REVIEWER,LISTENER,MISSION_NO,COMMENT_DETAIL,COMMENT_POINT,COMMENT_TIME)values('M000010','M000006','MISSION000000022','我很想讓你陰',3,sysdate);
insert into mission_comment(REVIEWER,LISTENER,MISSION_NO,COMMENT_DETAIL,COMMENT_POINT,COMMENT_TIME)values('M000007','M000004','MISSION000000023','快修理我Der交通工具!!',2,sysdate);
insert into mission_comment(REVIEWER,LISTENER,MISSION_NO,COMMENT_DETAIL,COMMENT_POINT,COMMENT_TIME)values('M000004','M000007','MISSION000000023','邊修邊打寒顫(why?)',1,sysdate);
insert into mission_comment(REVIEWER,LISTENER,MISSION_NO,COMMENT_DETAIL,COMMENT_POINT,COMMENT_TIME)values('M000009','M000006','MISSION000000025','先救它的火,再修它媽的車,感恩',2,sysdate);
insert into mission_comment(REVIEWER,LISTENER,MISSION_NO,COMMENT_DETAIL,COMMENT_POINT,COMMENT_TIME)values('M000006','M000009','MISSION000000025','你到底要我打她還是打她媽呀?',1,sysdate);
insert into mission_comment(REVIEWER,LISTENER,MISSION_NO,COMMENT_DETAIL,COMMENT_POINT,COMMENT_TIME)values('M000008','M000005','MISSION000000024','先救它的火,再修它媽的車,感恩',2,sysdate);
insert into mission_comment(REVIEWER,LISTENER,MISSION_NO,COMMENT_DETAIL,COMMENT_POINT,COMMENT_TIME)values('M000005','M000008','MISSION000000024','你到底要我打她還是打她媽呀?',1,sysdate);
insert into mission_comment(REVIEWER,LISTENER,MISSION_NO,COMMENT_DETAIL,COMMENT_POINT,COMMENT_TIME)values('M000001','M000003','MISSION000000010','是一個好主持人呢!',4,sysdate);
insert into mission_comment(REVIEWER,LISTENER,MISSION_NO,COMMENT_DETAIL,COMMENT_POINT,COMMENT_TIME)values('M000003','M000001','MISSION000000010','是一場好婚體呢!',2,sysdate);
insert into mission_comment(REVIEWER,LISTENER,MISSION_NO,COMMENT_DETAIL,COMMENT_POINT,COMMENT_TIME)values('M000002','M000004','MISSION000000011','吃的好甜蜜阿!!',5,sysdate);
insert into mission_comment(REVIEWER,LISTENER,MISSION_NO,COMMENT_DETAIL,COMMENT_POINT,COMMENT_TIME)values('M000004','M000002','MISSION000000011','你怎麼連我的份都吃了呢?',2,sysdate);

--==================================================--

--柏炘--

--技能分類 SKILL_CATEGORY FAKE DATA--

INSERT INTO SKILL_CATEGORY(SKILL_CATE_NO,SKILL_CATE_NAME) VALUES('CATE0000001', '社交');
INSERT INTO SKILL_CATEGORY(SKILL_CATE_NO,SKILL_CATE_NAME) VALUES('CATE0000002', '教育');
INSERT INTO SKILL_CATEGORY(SKILL_CATE_NO,SKILL_CATE_NAME) VALUES('CATE0000003', '修繕');
INSERT INTO SKILL_CATEGORY(SKILL_CATE_NO,SKILL_CATE_NAME) VALUES('CATE0000004', '其他');

--技能 SKILL FAKE DATA--

INSERT INTO SKILL(SKILL_NO,SKILL_NAME,SKILL_CATE_NO) VALUES( 'SKL'||LPAD(SEQ_SKILL_NO.NEXTVAL,6,'0'), '修機車', 'CATE0000003');
INSERT INTO SKILL(SKILL_NO,SKILL_NAME,SKILL_CATE_NO) VALUES( 'SKL'||LPAD(SEQ_SKILL_NO.NEXTVAL,6,'0'), '修汽車', 'CATE0000003');
INSERT INTO SKILL(SKILL_NO,SKILL_NAME,SKILL_CATE_NO) VALUES( 'SKL'||LPAD(SEQ_SKILL_NO.NEXTVAL,6,'0'), '修腳踏車', 'CATE0000003');
INSERT INTO SKILL(SKILL_NO,SKILL_NAME,SKILL_CATE_NO) VALUES( 'SKL'||LPAD(SEQ_SKILL_NO.NEXTVAL,6,'0'), '修水上摩托車', 'CATE0000003');
INSERT INTO SKILL(SKILL_NO,SKILL_NAME,SKILL_CATE_NO) VALUES( 'SKL'||LPAD(SEQ_SKILL_NO.NEXTVAL,6,'0'), '修公車', 'CATE0000003');
INSERT INTO SKILL(SKILL_NO,SKILL_NAME,SKILL_CATE_NO) VALUES( 'SKL'||LPAD(SEQ_SKILL_NO.NEXTVAL,6,'0'), '修靈車', 'CATE0000003');
INSERT INTO SKILL(SKILL_NO,SKILL_NAME,SKILL_CATE_NO) VALUES( 'SKL'||LPAD(SEQ_SKILL_NO.NEXTVAL,6,'0'), '修馬車', 'CATE0000003');
INSERT INTO SKILL(SKILL_NO,SKILL_NAME,SKILL_CATE_NO) VALUES( 'SKL'||LPAD(SEQ_SKILL_NO.NEXTVAL,6,'0'), '修牛車', 'CATE0000003');
INSERT INTO SKILL(SKILL_NO,SKILL_NAME,SKILL_CATE_NO) VALUES( 'SKL'||LPAD(SEQ_SKILL_NO.NEXTVAL,6,'0'), '修人力車', 'CATE0000003');
INSERT INTO SKILL(SKILL_NO,SKILL_NAME,SKILL_CATE_NO) VALUES( 'SKL'||LPAD(SEQ_SKILL_NO.NEXTVAL,6,'0'), '修戰車', 'CATE0000003');
INSERT INTO SKILL(SKILL_NO,SKILL_NAME,SKILL_CATE_NO) VALUES( 'SKL'||LPAD(SEQ_SKILL_NO.NEXTVAL,6,'0'), '教英語', 'CATE0000002');
INSERT INTO SKILL(SKILL_NO,SKILL_NAME,SKILL_CATE_NO) VALUES( 'SKL'||LPAD(SEQ_SKILL_NO.NEXTVAL,6,'0'), '教法語', 'CATE0000002');
INSERT INTO SKILL(SKILL_NO,SKILL_NAME,SKILL_CATE_NO) VALUES( 'SKL'||LPAD(SEQ_SKILL_NO.NEXTVAL,6,'0'), '教日語', 'CATE0000002');
INSERT INTO SKILL(SKILL_NO,SKILL_NAME,SKILL_CATE_NO) VALUES( 'SKL'||LPAD(SEQ_SKILL_NO.NEXTVAL,6,'0'), '教德語', 'CATE0000002');
INSERT INTO SKILL(SKILL_NO,SKILL_NAME,SKILL_CATE_NO) VALUES( 'SKL'||LPAD(SEQ_SKILL_NO.NEXTVAL,6,'0'), '教西語', 'CATE0000002');
INSERT INTO SKILL(SKILL_NO,SKILL_NAME,SKILL_CATE_NO) VALUES( 'SKL'||LPAD(SEQ_SKILL_NO.NEXTVAL,6,'0'), '教打手槍', 'CATE0000002');
INSERT INTO SKILL(SKILL_NO,SKILL_NAME,SKILL_CATE_NO) VALUES( 'SKL'||LPAD(SEQ_SKILL_NO.NEXTVAL,6,'0'), '教西式料理', 'CATE0000002');
INSERT INTO SKILL(SKILL_NO,SKILL_NAME,SKILL_CATE_NO) VALUES( 'SKL'||LPAD(SEQ_SKILL_NO.NEXTVAL,6,'0'), '教中式料理', 'CATE0000002');
INSERT INTO SKILL(SKILL_NO,SKILL_NAME,SKILL_CATE_NO) VALUES( 'SKL'||LPAD(SEQ_SKILL_NO.NEXTVAL,6,'0'), '假男友', 'CATE0000001');
INSERT INTO SKILL(SKILL_NO,SKILL_NAME,SKILL_CATE_NO) VALUES( 'SKL'||LPAD(SEQ_SKILL_NO.NEXTVAL,6,'0'), '假女友', 'CATE0000001');
INSERT INTO SKILL(SKILL_NO,SKILL_NAME,SKILL_CATE_NO) VALUES( 'SKL'||LPAD(SEQ_SKILL_NO.NEXTVAL,6,'0'), '假同性女友', 'CATE0000001');
INSERT INTO SKILL(SKILL_NO,SKILL_NAME,SKILL_CATE_NO) VALUES( 'SKL'||LPAD(SEQ_SKILL_NO.NEXTVAL,6,'0'), '假同性男友', 'CATE0000001');
INSERT INTO SKILL(SKILL_NO,SKILL_NAME,SKILL_CATE_NO) VALUES( 'SKL'||LPAD(SEQ_SKILL_NO.NEXTVAL,6,'0'), '假雙性男友', 'CATE0000001');
INSERT INTO SKILL(SKILL_NO,SKILL_NAME,SKILL_CATE_NO) VALUES( 'SKL'||LPAD(SEQ_SKILL_NO.NEXTVAL,6,'0'), '假雙性女友', 'CATE0000001');
INSERT INTO SKILL(SKILL_NO,SKILL_NAME,SKILL_CATE_NO) VALUES( 'SKL'||LPAD(SEQ_SKILL_NO.NEXTVAL,6,'0'), '真雙頭龍', 'CATE0000001');
INSERT INTO SKILL(SKILL_NO,SKILL_NAME,SKILL_CATE_NO) VALUES( 'SKL'||LPAD(SEQ_SKILL_NO.NEXTVAL,6,'0'), '幫忙跑腿', 'CATE0000004');
INSERT INTO SKILL(SKILL_NO,SKILL_NAME,SKILL_CATE_NO) VALUES( 'SKL'||LPAD(SEQ_SKILL_NO.NEXTVAL,6,'0'), '經營人生', 'CATE0000004');
INSERT INTO SKILL(SKILL_NO,SKILL_NAME,SKILL_CATE_NO) VALUES( 'SKL'||LPAD(SEQ_SKILL_NO.NEXTVAL,6,'0'), '經營你跟我的愛情', 'CATE0000004');
INSERT INTO SKILL(SKILL_NO,SKILL_NAME,SKILL_CATE_NO) VALUES( 'SKL'||LPAD(SEQ_SKILL_NO.NEXTVAL,6,'0'), '一秒讓你變魯蛇', 'CATE0000004');

--會員技能明細 USER_SKILL FAKE DATA--

INSERT INTO USER_SKILL(MEM_NO,SKILL_NO,SKILL_DETAIL,SKILL_CERT) VALUES( 'M000001', 'SKL000001', '我很會修機車喔喔喔喔喔', NULL);
INSERT INTO USER_SKILL(MEM_NO,SKILL_NO,SKILL_DETAIL,SKILL_CERT) VALUES( 'M000001', 'SKL000006', '靈車也會啦嘿嘿', NULL);
INSERT INTO USER_SKILL(MEM_NO,SKILL_NO,SKILL_DETAIL,SKILL_CERT) VALUES( 'M000001', 'SKL000010', '戰車世界', NULL);
INSERT INTO USER_SKILL(MEM_NO,SKILL_NO,SKILL_DETAIL,SKILL_CERT) VALUES( 'M000002', 'SKL000013', '我會日文', NULL);
INSERT INTO USER_SKILL(MEM_NO,SKILL_NO,SKILL_DETAIL,SKILL_CERT) VALUES( 'M000002', 'SKL000017', '我hen會煎牛排', NULL);
INSERT INTO USER_SKILL(MEM_NO,SKILL_NO,SKILL_DETAIL,SKILL_CERT) VALUES( 'M000003', 'SKL000019', '除了剛剛以外都可以', NULL);
INSERT INTO USER_SKILL(MEM_NO,SKILL_NO,SKILL_DETAIL,SKILL_CERT) VALUES( 'M000003', 'SKL000016', '嘿嘿嘿', NULL);
COMMIT;

--爭議案件 DISPUTE_CASE FAKE DATA--

INSERT INTO DISPUTE_CASE(DISPUTE_CASE_NO,MISSION_NO,DISPUTE_MEM_NO,EMP_NO,ISSUE_DATETIME,CLOSE_DATETIME,DISPUTE_CASE_STATUS,DISPUTE_CONTENT,DISPUTE_ATTACHMENT,DISPUTE_REPLY) 
VALUES('DIS'||LPAD(to_char(SEQ_DIS_CASE_NO.NEXTVAL),6,'0'),'MISSION000000016','M000016',NULL,CURRENT_TIMESTAMP,NULL,1,NULL,NULL,NULL);

INSERT INTO DISPUTE_CASE(DISPUTE_CASE_NO,MISSION_NO,DISPUTE_MEM_NO,EMP_NO,ISSUE_DATETIME,CLOSE_DATETIME,DISPUTE_CASE_STATUS,DISPUTE_CONTENT,DISPUTE_ATTACHMENT,DISPUTE_REPLY) 
VALUES('DIS'||LPAD(to_char(SEQ_DIS_CASE_NO.NEXTVAL),6,'0'),'MISSION000000017','M000010',NULL,CURRENT_TIMESTAMP,NULL,1,NULL,NULL,NULL);

INSERT INTO DISPUTE_CASE(DISPUTE_CASE_NO,MISSION_NO,DISPUTE_MEM_NO,EMP_NO,ISSUE_DATETIME,CLOSE_DATETIME,DISPUTE_CASE_STATUS,DISPUTE_CONTENT,DISPUTE_ATTACHMENT,DISPUTE_REPLY) 
VALUES('DIS'||LPAD(to_char(SEQ_DIS_CASE_NO.NEXTVAL),6,'0'),'MISSION000000018','M000004',NULL,CURRENT_TIMESTAMP,NULL,1,NULL,NULL,NULL);

INSERT INTO DISPUTE_CASE(DISPUTE_CASE_NO,MISSION_NO,DISPUTE_MEM_NO,EMP_NO,ISSUE_DATETIME,CLOSE_DATETIME,DISPUTE_CASE_STATUS,DISPUTE_CONTENT,DISPUTE_ATTACHMENT,DISPUTE_REPLY) 
VALUES('DIS'||LPAD(to_char(SEQ_DIS_CASE_NO.NEXTVAL),6,'0'),'MISSION000000019','M000005',NULL,CURRENT_TIMESTAMP,NULL,1,NULL,NULL,NULL);

INSERT INTO DISPUTE_CASE(DISPUTE_CASE_NO,MISSION_NO,DISPUTE_MEM_NO,EMP_NO,ISSUE_DATETIME,CLOSE_DATETIME,DISPUTE_CASE_STATUS,DISPUTE_CONTENT,DISPUTE_ATTACHMENT,DISPUTE_REPLY) 
VALUES('DIS'||LPAD(to_char(SEQ_DIS_CASE_NO.NEXTVAL),6,'0'),'MISSION000000020','M000006',NULL,CURRENT_TIMESTAMP,NULL,1,NULL,NULL,NULL);

--聊天記錄 CHAT_CONTEN FAKE DATA--

INSERT INTO CHAT_RECORD(SENDER_MEM_NO,RECEIVER_MEM_NO,CHAT_DATETIME,CHAT_CONTENT) 
VALUES('M000003','M000004',TO_TIMESTAMP('2017/11/6 10:10:10', 'YYYY-MM-DD HH24:MI:SS'),'Hi');

INSERT INTO CHAT_RECORD(SENDER_MEM_NO,RECEIVER_MEM_NO,CHAT_DATETIME,CHAT_CONTENT) 
VALUES('M000004','M000003',TO_TIMESTAMP('2017/11/6 10:10:11', 'YYYY-MM-DD HH24:MI:SS'),'你好:)');

INSERT INTO CHAT_RECORD(SENDER_MEM_NO,RECEIVER_MEM_NO,CHAT_DATETIME,CHAT_CONTENT) 
VALUES('M000003','M000004',TO_TIMESTAMP('2017/11/6 10:10:14', 'YYYY-MM-DD HH24:MI:SS'),'我有30公分要看嗎');

INSERT INTO CHAT_RECORD(SENDER_MEM_NO,RECEIVER_MEM_NO,CHAT_DATETIME,CHAT_CONTENT) 
VALUES('M000004','M000003',TO_TIMESTAMP('2017/11/6 10:10:18', 'YYYY-MM-DD HH24:MI:SS'),'….');

INSERT INTO CHAT_RECORD(SENDER_MEM_NO,RECEIVER_MEM_NO,CHAT_DATETIME,CHAT_CONTENT) 
VALUES('M000003','M000004',TO_TIMESTAMP('2017/11/6 10:10:20', 'YYYY-MM-DD HH24:MI:SS'),'歐齁');

INSERT INTO CHAT_RECORD(SENDER_MEM_NO,RECEIVER_MEM_NO,CHAT_DATETIME,CHAT_CONTENT) 
VALUES('M000004','M000003',TO_TIMESTAMP('2017/11/6 10:10:22', 'YYYY-MM-DD HH24:MI:SS'),'我要檢舉你');



--==================================================--

--兆哥--

--商品分類 PRO_CLASS FAKE DATA--

INSERT INTO PRO_CLASS VALUES ('C'||LPAD(PRO_CLASS_SEQ.NEXTVAL,4,0),'食品');
INSERT INTO PRO_CLASS VALUES ('C'||LPAD(PRO_CLASS_SEQ.NEXTVAL,4,0),'3C產品');
INSERT INTO PRO_CLASS VALUES ('C'||LPAD(PRO_CLASS_SEQ.NEXTVAL,4,0),'運動');
INSERT INTO PRO_CLASS VALUES ('C'||LPAD(PRO_CLASS_SEQ.NEXTVAL,4,0),'餐卷');
INSERT INTO PRO_CLASS VALUES ('C'||LPAD(PRO_CLASS_SEQ.NEXTVAL,4,0),'圖書');
INSERT INTO PRO_CLASS VALUES ('C'||LPAD(PRO_CLASS_SEQ.NEXTVAL,4,0),'家電');
INSERT INTO PRO_CLASS VALUES ('C'||LPAD(PRO_CLASS_SEQ.NEXTVAL,4,0),'精品');
INSERT INTO PRO_CLASS VALUES ('C'||LPAD(PRO_CLASS_SEQ.NEXTVAL,4,0),'日常用品');
INSERT INTO PRO_CLASS VALUES ('C'||LPAD(PRO_CLASS_SEQ.NEXTVAL,4,0),'電腦周邊');
INSERT INTO PRO_CLASS VALUES ('C'||LPAD(PRO_CLASS_SEQ.NEXTVAL,4,0),'廚具');
COMMIT;

--商品 PRO FAKE DATA--
INSERT INTO PRO VALUES ('P'||LPAD(PRO_SEQ.NEXTVAL,6,'0'),40,'C0001','上架',90,TO_DATE('2015-12-10','YYYY-MM-DD'),TO_DATE('2015-12-10','YYYY-MM-DD'),load_blob('a1.jpg'),'小王子麵','童年記憶的難忘好滋味,小包裝食用更順手,香香脆脆好滋味,絕不添加防腐');
INSERT INTO PRO VALUES ('P'||LPAD(PRO_SEQ.NEXTVAL,6,'0'),30,'C0001','上架',100,TO_DATE('2015-12-10','YYYY-MM-DD'),TO_DATE('2015-12-10','YYYY-MM-DD'),load_blob('a2.jpg'),'休閒丸子','以香脆點心麵為基底，再精製為一顆顆圓圓的脆麵點心,獨特的日式串燒醬風味，加上香脆口感的脆麵丸子，享用方便、不沾手!');
INSERT INTO PRO VALUES ('P'||LPAD(PRO_SEQ.NEXTVAL,6,'0'),40,'C0001','上架',80,TO_DATE('2015-12-10','YYYY-MM-DD'),TO_DATE('2016-02-10','YYYY-MM-DD'),load_blob('a3.jpg'),'浪味仙','上選馬鈴薯原料，獨家特調蔬菜秘方，讓你上癮的好滋味,口感酥酥脆脆,看電視、出遊好伴侶');
INSERT INTO PRO VALUES ('P'||LPAD(PRO_SEQ.NEXTVAL,6,'0'),50,'C0001','上架',80,TO_DATE('2015-12-10','YYYY-MM-DD'),TO_DATE('2016-02-10','YYYY-MM-DD'),load_blob('a4.jpg'),'可樂果','試試看「走路有聲」的暢快滋味,堅持選用天然豌豆作為原料,讓你越吃越過癮');
INSERT INTO PRO VALUES ('P'||LPAD(PRO_SEQ.NEXTVAL,6,'0'),100,'C0001','上架',70,TO_DATE('2015-12-10','YYYY-MM-DD'),TO_DATE('2016-04-10','YYYY-MM-DD'),load_blob('a5.jpg'),'風味薯條','薯條風潮即將席捲全台,運用新一代「95℃低溫真空工法」,封存整顆新鮮馬鈴薯的原味,平價高品質的新選擇');
INSERT INTO PRO VALUES ('P'||LPAD(PRO_SEQ.NEXTVAL,6,'0'),400,'C0001','上架',70,TO_DATE('2015-12-10','YYYY-MM-DD'),TO_DATE('2016-06-10','YYYY-MM-DD'),load_blob('a6.jpg'),'恐龍餅乾','泰國人氣餅乾,超大包裝 一次滿足,內有6小包裝');
INSERT INTO PRO VALUES ('P'||LPAD(PRO_SEQ.NEXTVAL,6,'0'),220,'C0001','上架',100,TO_DATE('2015-12-10','YYYY-MM-DD'),TO_DATE('2016-08-10','YYYY-MM-DD'),load_blob('a7.jpg'),'腰果蔓越莓','綜合堅果果乾達人,德國原裝,頂級品質時尚精品與營養健康兼具的堅果仁比例腰果,蔓越莓果乾,巴豆妖解饞最佳零食未經調味,天然真實就是極致的美味不烘培也不油炸,無防腐劑與色素');
INSERT INTO PRO VALUES ('P'||LPAD(PRO_SEQ.NEXTVAL,6,'0'),70,'C0001','上架',50,TO_DATE('2015-12-10','YYYY-MM-DD'),TO_DATE('2016-12-10','YYYY-MM-DD'),load_blob('a8.jpg'),'蝦風味餅乾','知名日本廠商-Calbee卡樂比,一口大小的迷你餅乾搭配入口即化口感,鹽份比正常版的蝦餅少了40%,不使用油，而且含豐富的鈣,小孩也能安心食用的好零嘴');
INSERT INTO PRO VALUES ('P'||LPAD(PRO_SEQ.NEXTVAL,6,'0'),160,'C0001','上架',100,TO_DATE('2015-12-10','YYYY-MM-DD'),TO_DATE('2017-08-10','YYYY-MM-DD'),load_blob('a9.jpg'),'泡芙米果','知名日本大廠-越後製果,卡滋口感甜鹹不膩,黃豆泡芙可口超有味~');
INSERT INTO PRO VALUES ('P'||LPAD(PRO_SEQ.NEXTVAL,6,'0'),210,'C0001','下架',100,TO_DATE('2015-12-10','YYYY-MM-DD'),TO_DATE('2016-12-10','YYYY-MM-DD'),load_blob('a10.jpg'),'綜合仙貝','知名日本廠牌-栗山米果,蔬菜/沙拉/甘口醬油,一次可以享受三種美味,酥酥脆脆的好口感');
----------------------------------------------------------------------------------------------------------------------------------------------------------------------------------------------------------
INSERT INTO PRO VALUES ('P'||LPAD(PRO_SEQ.NEXTVAL,6,'0'),41500,'C0002','上架',50,TO_DATE('2017-11-10','YYYY-MM-DD'),TO_DATE('2017-12-10','YYYY-MM-DD'),load_blob('a11.jpg'),'iPhoneX','256G 5.8吋智慧型手機,Super Retina HD 顯示器,5.8 吋 (對角線) 全螢幕 OLED Multi-Touch 顯示器,HDR 顯示,3D Touch');
INSERT INTO PRO VALUES ('P'||LPAD(PRO_SEQ.NEXTVAL,6,'0'),21900,'C0002','上架',90,TO_DATE('2017-11-10','YYYY-MM-DD'),TO_DATE('2017-12-10','YYYY-MM-DD'),load_blob('a12.jpg'),'HtcU11','HTC首款6吋 18:9 全螢幕手機,全球首款創透明水漾設計,八核心驍龍835處理器2.45GHz,Edge Sense 邊緣觸控技術,3930mAh 大容量電池,6G RAM / 128G ROM');
INSERT INTO PRO VALUES ('P'||LPAD(PRO_SEQ.NEXTVAL,6,'0'),24900,'C0002','上架',100,TO_DATE('2017-11-10','YYYY-MM-DD'),TO_DATE('2017-12-10','YYYY-MM-DD'),load_blob('a13.jpg'),'GalaxyS8','5.8 吋 2960X1400 Super AMOLED 螢幕,主相機1200萬,前鏡頭800萬畫素,IP68防水防塵/Type-C,Bixby 圖像辨識、翻譯、搜尋,加購原廠指定配件登錄送1千摩曼頓禮券');
INSERT INTO PRO VALUES ('P'||LPAD(PRO_SEQ.NEXTVAL,6,'0'),11900,'C0002','上架',100,TO_DATE('2017-11-10','YYYY-MM-DD'),TO_DATE('2017-12-10','YYYY-MM-DD'),load_blob('a14.jpg'),'SonyXperia','聯發科P20八核心處理器,5.5吋FHD螢幕,2300萬畫素/800萬畫素相機,4G RAM / 32G ROM,4G+3G雙卡雙待,支援指紋辨識/快速充電');
INSERT INTO PRO VALUES ('P'||LPAD(PRO_SEQ.NEXTVAL,6,'0'),5990,'C0002','上架',80,TO_DATE('2017-11-10','YYYY-MM-DD'),TO_DATE('2017-12-10','YYYY-MM-DD'),load_blob('a15.jpg'),'AsusZenFone','ZenFone 4 Max長效戀攝影,5000mAh大電量 ,廣角雙鏡頭,戀電能:5000mAh大電量 46 天待機,戀攝影:1300萬+120°超廣角後雙鏡頭,戀美型:洗鍊金屬質感，前置指紋辨識');
INSERT INTO PRO VALUES ('P'||LPAD(PRO_SEQ.NEXTVAL,6,'0'),15990,'C0002','上架',100,TO_DATE('2017-11-10','YYYY-MM-DD'),TO_DATE('2017-12-10','YYYY-MM-DD'),load_blob('a16.jpg'),'OppoR11','主鏡頭2000萬畫素,長焦鏡頭+1600萬畫素,F1.7大光圈廣角鏡頭,Spectra ISP影像處理技術、專業人像模式,獨家VOOC閃充、微縫天線2.0設計');
INSERT INTO PRO VALUES ('P'||LPAD(PRO_SEQ.NEXTVAL,6,'0'),26900,'C0002','上架',90,TO_DATE('2017-11-10','YYYY-MM-DD'),TO_DATE('2017-12-10','YYYY-MM-DD'),load_blob('a17.jpg'),'HuaweiMate','5.5吋徠卡雙鏡頭 雙曲面旗艦機,6GB RAM / 128GB ROM,最新Adroid 7.0系統,雙卡雙待4G+3G,4000mAh支援超級快充');
INSERT INTO PRO VALUES ('P'||LPAD(PRO_SEQ.NEXTVAL,6,'0'),4990,'C0002','上架',70,TO_DATE('2017-11-10','YYYY-MM-DD'),TO_DATE('2017-12-10','YYYY-MM-DD'),load_blob('a18.jpg'),'InFocusM5s','MT6737 四核處理器,5.2吋IPS高透彩螢幕,3G RAM / 32G ROM,前800/後1300萬畫素相機,指紋辦識 / 雙卡雙待');
INSERT INTO PRO VALUES ('P'||LPAD(PRO_SEQ.NEXTVAL,6,'0'),14990,'C0002','下架',100,TO_DATE('2017-11-10','YYYY-MM-DD'),TO_DATE('2017-12-10','YYYY-MM-DD'),load_blob('a19.jpg'),'motoZ2','3,000mAh 電池容量,1,200 萬畫素主鏡頭、F1.7 光圈,500萬畫素前鏡頭、F2.2 光圈廣角鏡頭(85度),疏水奈米塗層');
INSERT INTO PRO VALUES ('P'||LPAD(PRO_SEQ.NEXTVAL,6,'0'),3450,'C0002','上架',100,TO_DATE('2017-11-10','YYYY-MM-DD'),TO_DATE('2017-12-10','YYYY-MM-DD'),load_blob('a20.jpg'),'GplusF1','2.4 吋彩色螢幕,支援3G網路,支援MP3播放器/收音機/手電筒/可拍照,防水、防塵、耐摔 IP68,記憶卡擴充');
--------------------------------------------------------------------------------------------------------------------------------------------------------------------------------------------------------
INSERT INTO PRO VALUES ('P'||LPAD(PRO_SEQ.NEXTVAL,6,'0'),3280,'C0003','上架',80,TO_DATE('2017-11-10','YYYY-MM-DD'),TO_DATE('2017-12-10','YYYY-MM-DD'),load_blob('a21.jpg'),'彩色輪圈-折疊車','20吋高級高碳鋼摺疊式車架,高級24速轉把式變速系統,高級鋁合金輕量化,彩色輪圈,已投保產品責任險5千萬');
INSERT INTO PRO VALUES ('P'||LPAD(PRO_SEQ.NEXTVAL,6,'0'),3980,'C0003','上架',80,TO_DATE('2017-11-8','YYYY-MM-DD'),TO_DATE('2017-12-10','YYYY-MM-DD'),load_blob('a22.jpg'),'兒童滑步車','使用符合人體工學安全輕盈舒適材質,獨特耐久材質可從2歲騎到5歲,越野專用胎紋打氣輪胎抓地力超強,身高87~110CM的寶貝都適用');
INSERT INTO PRO VALUES ('P'||LPAD(PRO_SEQ.NEXTVAL,6,'0'),28900,'C0003','上架',50,TO_DATE('2017-11-10','YYYY-MM-DD'),TO_DATE('2017-12-10','YYYY-MM-DD'),load_blob('a23.jpg'),'電動智能平衡車','限速安全機制 保證安全,留白設計 揮灑您的創意,App隨意配置不同燈光色彩');
INSERT INTO PRO VALUES ('P'||LPAD(PRO_SEQ.NEXTVAL,6,'0'),590,'C0003','下架',100,TO_DATE('2017-11-8','YYYY-MM-DD'),TO_DATE('2017-12-10','YYYY-MM-DD'),load_blob('a24.jpg'),'籃球 橘','材質：橡膠,斯伯丁籃球');
INSERT INTO PRO VALUES ('P'||LPAD(PRO_SEQ.NEXTVAL,6,'0'),1760,'C0003','上架',90,TO_DATE('2017-11-8','YYYY-MM-DD'),TO_DATE('2017-11-10','YYYY-MM-DD'),load_blob('a25.jpg'),'兒童網球拍','奧地利國際運動品牌,專為兒童青少年設計,吸震材質，防止運動傷害,容易揮拍，擊球穩定,減震手柄，減少不良震動');
INSERT INTO PRO VALUES ('P'||LPAD(PRO_SEQ.NEXTVAL,6,'0'),350,'C0003','上架',80,TO_DATE('2017-11-10','YYYY-MM-DD'),TO_DATE('2017-11-10','YYYY-MM-DD'),load_blob('a26.jpg'),'強力健美輪','台灣製造=品質保證,滾輪健腹器，直徑18CM大雙輪,一體式雙大風火輪設計！,水平止滑紋理＋工學塑膠手把！,贈跪墊');
INSERT INTO PRO VALUES ('P'||LPAD(PRO_SEQ.NEXTVAL,6,'0'),510,'C0003','上架',100,TO_DATE('2017-11-10','YYYY-MM-DD'),TO_DATE('2017-11-10','YYYY-MM-DD'),load_blob('a27.jpg'),'輕量啞鈴','1.5KG 紅色 2入組,圓弧設計耐碰撞,握感舒適不冰冷手感佳,環保PE材質方便擦拭不生鏽,配有氧運動，效果加倍');
INSERT INTO PRO VALUES ('P'||LPAD(PRO_SEQ.NEXTVAL,6,'0'),1750,'C0003','上架',90,TO_DATE('2017-11-10','YYYY-MM-DD'),TO_DATE('2017-12-10','YYYY-MM-DD'),load_blob('a28.jpg'),'輕巧健身機','全球熱銷★送初階、進階教學光碟,集中訓練下腹肌中腹肌和上腹肌,每次躺下坐起都能有效產生阻力,強化版本核心彈簧設計,運動中，背部得到更良好的支撐,輕巧好攜帶，可摺疊收納');
INSERT INTO PRO VALUES ('P'||LPAD(PRO_SEQ.NEXTVAL,6,'0'),500,'C0003','上架',100,TO_DATE('2017-11-10','YYYY-MM-DD'),TO_DATE('2017-12-10','YYYY-MM-DD'),load_blob('a29.jpg'),'瑜珈墊','7段折疊、折疊約A4大小,加厚材質、充分緩衝地面接觸,質地柔軟、彈性佳,可以緩衝身體與地面接觸,可放置於手提包內,隨帶隨走、攜帶方便具有很好的回彈性,平整性、防滑性');
INSERT INTO PRO VALUES ('P'||LPAD(PRO_SEQ.NEXTVAL,6,'0'),2320,'C0003','上架',70,TO_DATE('2017-11-10','YYYY-MM-DD'),TO_DATE('2017-12-10','YYYY-MM-DD'),load_blob('a30.jpg'),'速開型自動帳篷','一分鐘快速搭建，單人即可輕鬆完成,特殊防紫外線塗層UPF30+,內外帳可分別單獨使用,加細密紗網，夏天涼爽防蚊,雙門設計，通風透氣，進出動線暢通');
--------------------------------------------------------------------------------------------------------------------------------------------------------------------------------------------------
INSERT INTO PRO VALUES ('P'||LPAD(PRO_SEQ.NEXTVAL,6,'0'),260,'C0005','下架',70,TO_DATE('2017-11-10','YYYY-MM-DD'),TO_DATE('2017-12-10','YYYY-MM-DD'),load_blob('a31.jpg'),'我不是壞小孩，只是愛生氣','40個幫助孩子控制怒氣的活動,暢銷破萬,2017年熱銷改版！');
INSERT INTO PRO VALUES ('P'||LPAD(PRO_SEQ.NEXTVAL,6,'0'),400,'C0005','上架',90,TO_DATE('2017-11-10','YYYY-MM-DD'),TO_DATE('2017-12-20','YYYY-MM-DD'),load_blob('a32.jpg'),'教養的秘密','兒童發展專家王宏哲的新世代教養術,2017暢銷書TOP展,隨書附贈【幸福教養療癒系】便條誌');
INSERT INTO PRO VALUES ('P'||LPAD(PRO_SEQ.NEXTVAL,6,'0'),899,'C0005','上架',50,TO_DATE('2017-11-10','YYYY-MM-DD'),TO_DATE('2017-12-10','YYYY-MM-DD'),load_blob('a33.jpg'),'雞排妹寫真集：我是鄭家純','鄭家純Ili「雞排妹」闊別兩年,這次由香港團隊特別來台拍攝！');
INSERT INTO PRO VALUES ('P'||LPAD(PRO_SEQ.NEXTVAL,6,'0'),420,'C0005','上架',70,TO_DATE('2017-11-10','YYYY-MM-DD'),TO_DATE('2017-12-10','YYYY-MM-DD'),load_blob('a34.jpg'),'教你用手機也能拍出時尚感','這一次跟著頂尖攝影師黃天仁,用手機就能拍出好照片！');
INSERT INTO PRO VALUES ('P'||LPAD(PRO_SEQ.NEXTVAL,6,'0'),300,'C0005','上架',80,TO_DATE('2017-11-10','YYYY-MM-DD'),TO_DATE('2017-12-18','YYYY-MM-DD'),load_blob('a35.jpg'),'柴犬NanaX阿楞的萌日誌','最可愛最搞笑最逗趣,最溫馨的超人氣「網紅」');
INSERT INTO PRO VALUES ('P'||LPAD(PRO_SEQ.NEXTVAL,6,'0'),350,'C0005','上架',90,TO_DATE('2017-11-10','YYYY-MM-DD'),TO_DATE('2017-12-10','YYYY-MM-DD'),load_blob('a36.jpg'),'你是自己最大的敵人','MaximumPotentialProject(極限潛能計畫),創辦人 Kenneth Christian博士臨床經典,改寫無數生命故事！, 暢銷15週年繁體中文紀念版');
INSERT INTO PRO VALUES ('P'||LPAD(PRO_SEQ.NEXTVAL,6,'0'),300,'C0005','上架',50,TO_DATE('2017-11-10','YYYY-MM-DD'),TO_DATE('2017-12-22','YYYY-MM-DD'),load_blob('a37.jpg'),'吳永志不一樣的自然養生法','全世界都在等！,國際名醫吳永志養生精華首次出版！,三十多年來,這套顛覆一般人觀念的...');
---------------------------------------------------------------------------------------------------------------------------------------------------------------------------------------------------------------
INSERT INTO PRO VALUES ('P'||LPAD(PRO_SEQ.NEXTVAL,6,'0'),1999,'C0004','上架',100,TO_DATE('2017-11-10','YYYY-MM-DD'),TO_DATE('2017-12-22','YYYY-MM-DD'),load_blob('a38.jpg'),'台北六福皇宮活龍蝦雙人套餐券','五廳特色套餐任您選擇,雙人活龍蝦套餐 優惠6.6折,史上最超值,限時限量發售!');
INSERT INTO PRO VALUES ('P'||LPAD(PRO_SEQ.NEXTVAL,6,'0'),500,'C0004','上架',90,TO_DATE('2017-11-10','YYYY-MM-DD'),TO_DATE('2017-12-28','YYYY-MM-DD'),load_blob('a39.jpg'),'六福客棧福園自助式吃到飽午餐券','日式炸物甜點湯品應有盡有,設有素食專區聚餐最方便,餐券已內含10%服務費!');
INSERT INTO PRO VALUES ('P'||LPAD(PRO_SEQ.NEXTVAL,6,'0'),1020,'C0004','上架',80,TO_DATE('2017-11-10','YYYY-MM-DD'),TO_DATE('2017-12-22','YYYY-MM-DD'),load_blob('a40.jpg'),'台北西華飯店自助式吃到飽餐券','開放式廚房欣賞主廚精湛的廚藝,流海鮮與各種頂級食材,無國界料理風格!');
INSERT INTO PRO VALUES ('P'||LPAD(PRO_SEQ.NEXTVAL,6,'0'),900,'C0004','上架',90,TO_DATE('2017-11-10','YYYY-MM-DD'),TO_DATE('2017-12-11','YYYY-MM-DD'),load_blob('a41.jpg'),'台北凱撒大飯店自助吃到飽餐券','義式料理、日式碳烤,當季生魚片、海鮮吧、鮮蔬沙拉,四季鮮果、法式馬卡龍、哈根達斯冰淇淋!');
INSERT INTO PRO VALUES ('P'||LPAD(PRO_SEQ.NEXTVAL,6,'0'),980,'C0004','上架',90,TO_DATE('2017-11-10','YYYY-MM-DD'),TO_DATE('2017-12-26','YYYY-MM-DD'),load_blob('a42.jpg'),'台中裕元酒店自助式吃到飽餐券','招牌手沖牛肉湯.法式頂級甜點..,假日加碼高檔海鮮.啤酒無限享用,餐券已內含10%服務費!');
-------------------------------------------------------------------------------------------------------------------------------------------------------------------------------
INSERT INTO PRO VALUES ('P'||LPAD(PRO_SEQ.NEXTVAL,6,'0'),2500,'C0006','上架',90,TO_DATE('2017-11-10','YYYY-MM-DD'),TO_DATE('2017-12-26','YYYY-MM-DD'),load_blob('a43.jpg'),'Panasonic32吋液晶顯示器','Full HD高解析度,IPS LED面板,智慧雜訊抑制');
INSERT INTO PRO VALUES ('P'||LPAD(PRO_SEQ.NEXTVAL,6,'0'),1290,'C0006','上架',70,TO_DATE('2017-11-10','YYYY-MM-DD'),TO_DATE('2017-12-27','YYYY-MM-DD'),load_blob('a44.jpg'),'PHILIPS飛利浦隨身藍牙喇叭','小體型大聲響,進階音質表現,音樂效果不失真,無線藍芽傳輸,內建可充電電池!');
INSERT INTO PRO VALUES ('P'||LPAD(PRO_SEQ.NEXTVAL,6,'0'),2000,'C0006','上架',90,TO_DATE('2017-11-10','YYYY-MM-DD'),TO_DATE('2017-12-28','YYYY-MM-DD'),load_blob('a45.jpg'),'KRIA雙層防燙多功能美食蒸煮鍋','蒸/煮兩用，多功能烹煮,透明玻璃上蓋、雙層隔熱防燙設計,一體成型304#不鏽鋼內鍋,附贈不鏽鋼蒸架、304#不鏽鋼加高蒸籠,人體工學手把、三段式切換開關!');
INSERT INTO PRO VALUES ('P'||LPAD(PRO_SEQ.NEXTVAL,6,'0'),2000,'C0006','上架',100,TO_DATE('2017-11-10','YYYY-MM-DD'),TO_DATE('2017-12-27','YYYY-MM-DD'),load_blob('a46.jpg'),'KRIA1.7L多功能美食蒸煮鍋','蒸/煮兩用，多功能烹煮,一體成型，304#不鏽鋼內鍋,雙層隔熱防燙設計，炫彩隔熱外鍋,附不鏽鋼蒸籠,雙重安全保護系統，更安心,上蓋可立支撐提柄，更好收放!');
INSERT INTO PRO VALUES ('P'||LPAD(PRO_SEQ.NEXTVAL,6,'0'),3000,'C0006','上架',50,TO_DATE('2017-11-10','YYYY-MM-DD'),TO_DATE('2017-12-26','YYYY-MM-DD'),load_blob('a47.jpg'),'雀巢咖啡咖啡機Jovia','15bar專業級高壓幫浦,Thermoblock瞬間加熱技術,可調式托盤,自動省電節能裝置,0.8 公升水箱');
INSERT INTO PRO VALUES ('P'||LPAD(PRO_SEQ.NEXTVAL,6,'0'),2990,'C0006','上架',90,TO_DATE('2017-11-10','YYYY-MM-DD'),TO_DATE('2017-12-15','YYYY-MM-DD'),load_blob('a48.jpg'),'SHARP夏普20L微電腦微波爐券','LED顯示面板,11段式微波強度,8種自動烹調,重量解凍功能,兒童安全鎖設計');
-------------------------------------------------------------------------------------------------------------------------------------------------------------------------------
INSERT INTO PRO VALUES ('P'||LPAD(PRO_SEQ.NEXTVAL,6,'0'),3280,'C0007','上架',80,TO_DATE('2017-11-10','YYYY-MM-DD'),TO_DATE('2017-12-26','YYYY-MM-DD'),load_blob('a49.jpg'),'PLAYBOY斜背包-灰色','前/後置拉鍊收納袋,內置收納袋*2/筆插袋*2及拉鍊收納袋,3C用品緩衝墊夾層,D圈扣環，可掛個人吊飾');
INSERT INTO PRO VALUES ('P'||LPAD(PRO_SEQ.NEXTVAL,6,'0'),1880,'C0007','上架',90,TO_DATE('2017-11-10','YYYY-MM-DD'),TO_DATE('2017-12-20','YYYY-MM-DD'),load_blob('a50.jpg'),'魔鏡熊壓釦亮眼斜背包','精緻品牌LOGO配色五金,翻蓋+拉鍊式開口,流行焦點注目款,硬挺亮眼斜背包');
INSERT INTO PRO VALUES ('P'||LPAD(PRO_SEQ.NEXTVAL,6,'0'),250,'C0007','上架',100,TO_DATE('2017-11-10','YYYY-MM-DD'),TO_DATE('2017-12-26','YYYY-MM-DD'),load_blob('a51.jpg'),'DQCoin單層零錢包','紐西蘭熱情設計,透過旅遊展開視野,扁平大收納空間,可裝零錢用');
INSERT INTO PRO VALUES ('P'||LPAD(PRO_SEQ.NEXTVAL,6,'0'),1890,'C0007','上架',80,TO_DATE('2017-11-10','YYYY-MM-DD'),TO_DATE('2017-12-14','YYYY-MM-DD'),load_blob('a52.jpg'),'Angemiel純銀-字母項鍊','組合專屬你的字母項鍊,多樣風格 隨心變化,手工打造925純銀,源自義大利極致工藝');
INSERT INTO PRO VALUES ('P'||LPAD(PRO_SEQ.NEXTVAL,6,'0'),1800,'C0007','上架',90,TO_DATE('2017-11-10','YYYY-MM-DD'),TO_DATE('2017-12-26','YYYY-MM-DD'),load_blob('a53.jpg'),'Angemiel義大利珠飾純銀項鍊','手工打造925純銀,源自義大利極致工藝,收藏您的美好回憶');
INSERT INTO PRO VALUES ('P'||LPAD(PRO_SEQ.NEXTVAL,6,'0'),2800,'C0007','上架',70,TO_DATE('2017-11-10','YYYY-MM-DD'),TO_DATE('2017-12-16','YYYY-MM-DD'),load_blob('a54.jpg'),'Angemiel輕舞項鍊-心動(金)','手工925純銀精品,源自義大利,極致工藝');
INSERT INTO PRO VALUES ('P'||LPAD(PRO_SEQ.NEXTVAL,6,'0'),3880,'C0007','上架',90,TO_DATE('2017-11-10','YYYY-MM-DD'),TO_DATE('2017-12-26','YYYY-MM-DD'),load_blob('a55.jpg'),'海克力斯之結-十字架純銀項鍊','海克力斯(Hercules)的力氣奇大無比,所以『海克力斯之結』用在愛情象徵中,代表的就是愛情神奇的力量,形體是柔軟的,力量卻是堅韌而不可摧的。');
-------------------------------------------------------------------------------------------------------------------------------------------------------------------------------
INSERT INTO PRO VALUES ('P'||LPAD(PRO_SEQ.NEXTVAL,6,'0'),500,'C0008','上架',80,TO_DATE('2017-11-10','YYYY-MM-DD'),TO_DATE('2017-12-26','YYYY-MM-DD'),load_blob('a56.jpg'),'春風絲絨感抽取式衛生紙','山茶花(100抽x12包x6串)/箱,添加山茶花萃取精華,順柔親膚新觸感2016全新研發,頂尖技術製造,嶄新高貴的包裝設計,豐富您的生活品味,超細柔壓花,產品可投入馬桶，易溶不堵塞');
INSERT INTO PRO VALUES ('P'||LPAD(PRO_SEQ.NEXTVAL,6,'0'),450,'C0008','上架',90,TO_DATE('2017-11-10','YYYY-MM-DD'),TO_DATE('2017-12-26','YYYY-MM-DD'),load_blob('a57.jpg'),'五月花清柔抽取衛生紙','100抽 x24包/袋,採用獨家柔織交織技術,紙張棉柔細緻觸感,強韌不易破');
INSERT INTO PRO VALUES ('P'||LPAD(PRO_SEQ.NEXTVAL,6,'0'),315,'C0008','上架',100,TO_DATE('2017-11-10','YYYY-MM-DD'),TO_DATE('2017-12-26','YYYY-MM-DD'),load_blob('a58.jpg'),'一滴淨蘆薈多酚洗碗精','柑橘精油1000g,全成份通過法國ECOCERT認證,99.5%綠本元素，安全無化學香精,不傷手、好沖洗，不擔心殘留,經國家級GLP實驗室農藥殘毒檢驗');
INSERT INTO PRO VALUES ('P'||LPAD(PRO_SEQ.NEXTVAL,6,'0'),489,'C0008','上架',90,TO_DATE('2017-11-10','YYYY-MM-DD'),TO_DATE('2017-12-26','YYYY-MM-DD'),load_blob('a59.jpg'),'藍鷹牌彩色QQ羊防塵口罩','50入/盒,Ω摺法更服貼 過濾性更佳,台灣原料 台灣製造 品質有保障,有效隔離灰塵、粉塵等髒空氣,環保材質鼻部壓條 保護環境');
INSERT INTO PRO VALUES ('P'||LPAD(PRO_SEQ.NEXTVAL,6,'0'),1098,'C0008','上架',70,TO_DATE('2017-11-10','YYYY-MM-DD'),TO_DATE('2017-12-26','YYYY-MM-DD'),load_blob('a60.jpg'),'好神拖手壓式防潑水拖把組','年度熱銷居家用品,商品全新進化,360度旋轉拖把頭，強力清潔,耐磨纖維布盤，輕鬆更換超方便');
-------------------------------------------------------------------------------------------------------------------------------------------------------------------------------
INSERT INTO PRO VALUES ('P'||LPAD(PRO_SEQ.NEXTVAL,6,'0'),1309,'C0009','上架',70,TO_DATE('2017-11-10','YYYY-MM-DD'),TO_DATE('2017-12-26','YYYY-MM-DD'),load_blob('a61.jpg'),'金士頓DDR3-1333-4GB','100%嚴密品質測試,品質高、效能佳,提供終身保固');
INSERT INTO PRO VALUES ('P'||LPAD(PRO_SEQ.NEXTVAL,6,'0'),7990,'C0009','上架',80,TO_DATE('2017-11-10','YYYY-MM-DD'),TO_DATE('2017-12-26','YYYY-MM-DD'),load_blob('a62.jpg'),'i5-7600四核心處理器','IntelKabyLake架構,3.5GHz時脈速度,4.1GHzTurbo時脈速度,6M 快取記憶體,14nm 製程/TDP65W,LGA1151腳位,原廠三年保固');
INSERT INTO PRO VALUES ('P'||LPAD(PRO_SEQ.NEXTVAL,6,'0'),5090,'C0009','上架',90,TO_DATE('2017-11-10','YYYY-MM-DD'),TO_DATE('2017-12-26','YYYY-MM-DD'),load_blob('a63.jpg'),'華碩主機板PRIME-Z370-P','IntelZ370晶片組,Socket1151腳位,4xDIMM,ATX主機板尺寸');
INSERT INTO PRO VALUES ('P'||LPAD(PRO_SEQ.NEXTVAL,6,'0'),7788,'C0009','上架',100,TO_DATE('2017-11-10','YYYY-MM-DD'),TO_DATE('2017-12-26','YYYY-MM-DD'),load_blob('a64.jpg'),'AOC電競窄邊框電腦螢幕','27吋面板,FullHD高解析度,D-Sub/HDMI/DisplayPort多接頭介面,三年保固，到府收送,1毫秒極速反應時間，不留殘影,內建2Wx2喇叭,支援VESA壁掛,護眼不閃屏');
INSERT INTO PRO VALUES ('P'||LPAD(PRO_SEQ.NEXTVAL,6,'0'),3800,'C0009','上架',70,TO_DATE('2017-11-10','YYYY-MM-DD'),TO_DATE('2017-12-26','YYYY-MM-DD'),load_blob('a65.jpg'),'TOSHIBA3.5吋-內接式硬碟','SATA6Gb/秒,垂直寫錄技術,7200RPM 高轉速,64MB 緩衝記憶體,三年保固');
INSERT INTO PRO VALUES ('P'||LPAD(PRO_SEQ.NEXTVAL,6,'0'),4990,'C0009','上架',80,TO_DATE('2017-11-10','YYYY-MM-DD'),TO_DATE('2017-12-26','YYYY-MM-DD'),load_blob('a66.jpg'),'i-RocksRGB機械鍵盤-黑','自行研發的重青軸機械開關,採用ABS雙色注射鍵帽，更加美觀耐用,內建7種RGB背光效果，六組雙區域模式,背光開關與明亮度調整,中/英文介面');
INSERT INTO PRO VALUES ('P'||LPAD(PRO_SEQ.NEXTVAL,6,'0'),399,'C0009','上架',90,TO_DATE('2017-11-10','YYYY-MM-DD'),TO_DATE('2017-12-26','YYYY-MM-DD'),load_blob('a67.jpg'),'廣鼎UFO飛碟光學滑鼠','可快速切換的獨立CPI按鍵,上下頁功能按鍵,齒輪式滾輪設計,內置式配重,USB介面');
INSERT INTO PRO VALUES ('P'||LPAD(PRO_SEQ.NEXTVAL,6,'0'),1428,'C0009','上架',80,TO_DATE('2017-11-10','YYYY-MM-DD'),TO_DATE('2017-12-26','YYYY-MM-DD'),load_blob('a68.jpg'),'msi微星顯示卡','顯示晶片：GeForce210,記憶體：1GB DDR3,介面規格：PCI-E2.0,輸出端子：DVI/HDMI/D-SUB');
INSERT INTO PRO VALUES ('P'||LPAD(PRO_SEQ.NEXTVAL,6,'0'),3090,'C0009','上架',90,TO_DATE('2017-11-10','YYYY-MM-DD'),TO_DATE('2017-12-26','YYYY-MM-DD'),load_blob('a69.jpg'),'銀之魂-450W-電源供應器','80Plus銀牌認證標準,DC-DC電路設計,全日系工業等級電解電容,玩家首選之全黑扁排線設計,長效安靜120mm風扇');
INSERT INTO PRO VALUES ('P'||LPAD(PRO_SEQ.NEXTVAL,6,'0'),1650,'C0009','上架',70,TO_DATE('2017-11-10','YYYY-MM-DD'),TO_DATE('2017-12-26','YYYY-MM-DD'),load_blob('a70.jpg'),'孤狼USB3.0遊戲機殼','一大機殼面板,2個 5.25”裝置空間,2個 3.5”裝置空間,2個 2.5”SSD裝置空間,左側板採用透明壓克力設計,上置USB3.0/USB2.0孔位');
-------------------------------------------------------------------------------------------------------------------------------------------------------------------------------
INSERT INTO PRO VALUES ('P'||LPAD(PRO_SEQ.NEXTVAL,6,'0'),1730,'C0010','上架',70,TO_DATE('2017-11-10','YYYY-MM-DD'),TO_DATE('2017-12-26','YYYY-MM-DD'),load_blob('a71.jpg'),'金太郎鑄造雙面炒鍋','導熱超快速省時節能,不沾少油煙健康好洗,七層鑄造鍋堅固耐用');
INSERT INTO PRO VALUES ('P'||LPAD(PRO_SEQ.NEXTVAL,6,'0'),3980,'C0010','上架',80,TO_DATE('2017-11-10','YYYY-MM-DD'),TO_DATE('2017-12-26','YYYY-MM-DD'),load_blob('a72.jpg'),'鍋寶歐風琺瑯鑄鐵鍋22CM','一鍋到底多功能烹煮,均勻續熱持續保溫,360度蒸氣循環回流適用：瓦斯爐、烤箱、,電磁爐、電陶爐、鹵素爐鍋身');
INSERT INTO PRO VALUES ('P'||LPAD(PRO_SEQ.NEXTVAL,6,'0'),999,'C0010','上架',100,TO_DATE('2017-11-10','YYYY-MM-DD'),TO_DATE('2017-12-26','YYYY-MM-DD'),load_blob('a73.jpg'),'田園生活陶瓷平盤4件組','最實用的西式平盤,餐桌美學新選擇,北歐小清新風格,輕食熟食都適用');
INSERT INTO PRO VALUES ('P'||LPAD(PRO_SEQ.NEXTVAL,6,'0'),250,'C0010','上架',90,TO_DATE('2017-11-10','YYYY-MM-DD'),TO_DATE('2017-12-26','YYYY-MM-DD'),load_blob('a74.jpg'),'綠貝鄉村熊不鏽鋼環保餐具組','鏡面拋光技術,不留邊角使用更順心,特殊高溫烘烤貼花,不掉漆更衛生,可放入洗碗機清洗,輕鬆洗淨!,輕巧隨身攜帶,自備餐具好觀念');
INSERT INTO PRO VALUES ('P'||LPAD(PRO_SEQ.NEXTVAL,6,'0'),1990,'C0010','上架',70,TO_DATE('2017-11-10','YYYY-MM-DD'),TO_DATE('2017-12-26','YYYY-MM-DD'),load_blob('a75.jpg'),'歐梅樂德國鋼8吋廚刀','德國鋼刀鋒銳利，持久耐用,洛式硬度高達58度,刀刃刀柄一體成形,堅固耐用');
COMMIT;


--商品追蹤 PRO_TRACK FAKE DATA--

INSERT INTO PRO_TRACK VALUES ('M000001','P000001');
INSERT INTO PRO_TRACK VALUES ('M000001','P000006');
INSERT INTO PRO_TRACK VALUES ('M000001','P000007');
INSERT INTO PRO_TRACK VALUES ('M000002','P000001');
INSERT INTO PRO_TRACK VALUES ('M000002','P000002');
INSERT INTO PRO_TRACK VALUES ('M000002','P000003');
INSERT INTO PRO_TRACK VALUES ('M000007','P000001');
INSERT INTO PRO_TRACK VALUES ('M000007','P000004');
INSERT INTO PRO_TRACK VALUES ('M000007','P000006');
INSERT INTO PRO_TRACK VALUES ('M000008','P000001');
COMMIT;

--訂單 PRO_ORDER FAKE DATA--

INSERT INTO PRO_ORDER VALUES ('20171023-000001','M000001',TO_DATE('2017-10-25','YYYY-MM-DD'),2200,'兆哥','桃園市平鎮區民族路314號5樓','0912-345678','已出貨',TO_DATE('2015-12-12','YYYY-MM-DD'));
INSERT INTO PRO_ORDER VALUES ('20171024-000002','M000001',TO_DATE('2017-10-25','YYYY-MM-DD'),690,'兆哥','桃園市平鎮區民族路314號5樓','0912-345678','已出貨',TO_DATE('2015-12-12','YYYY-MM-DD'));
INSERT INTO PRO_ORDER VALUES ('20171025-000003','M000001',TO_DATE('2017-10-26','YYYY-MM-DD'),400,'兆哥','桃園市平鎮區民族路314號5樓','0912-345678','已出貨',TO_DATE('2015-12-12','YYYY-MM-DD'));
INSERT INTO PRO_ORDER VALUES ('20171025-000004','M000001',TO_DATE('2017-10-26','YYYY-MM-DD'),220,'兆哥','桃園市平鎮區民族路314號5樓','0912-345678','已出貨',TO_DATE('2015-12-12','YYYY-MM-DD'));
INSERT INTO PRO_ORDER VALUES ('20171025-000005','M000001',TO_DATE('2017-10-26','YYYY-MM-DD'),70,'兆哥','桃園市平鎮區民族路314號5樓','0912-345678','已出貨',TO_DATE('2015-12-12','YYYY-MM-DD'));
INSERT INTO PRO_ORDER VALUES ('20171026-000006','M000001',TO_DATE('2017-10-27','YYYY-MM-DD'),70,'兆哥','桃園市平鎮區民族路314號5樓','0912-345678','已出貨',TO_DATE('2015-12-12','YYYY-MM-DD'));
INSERT INTO PRO_ORDER VALUES ('20171026-000007','M000002',TO_DATE('2017-10-27','YYYY-MM-DD'),70,'柏起','高雄市楠梓區惠民路307號2樓','0912-555666','已出貨',TO_DATE('2015-12-12','YYYY-MM-DD'));
INSERT INTO PRO_ORDER VALUES ('20171026-000008','M000002',TO_DATE('2017-10-27','YYYY-MM-DD'),70,'柏起','高雄市楠梓區惠民路307號2樓','0912-555666','已出貨',TO_DATE('2015-12-12','YYYY-MM-DD'));
INSERT INTO PRO_ORDER VALUES ('20171026-000009','M000002',TO_DATE('2017-10-27','YYYY-MM-DD'),70,'柏起','高雄市楠梓區惠民路307號2樓','0912-555666','已出貨',TO_DATE('2015-12-12','YYYY-MM-DD'));
INSERT INTO PRO_ORDER VALUES ('20171026-000001','M000002',TO_DATE('2017-10-27','YYYY-MM-DD'),70,'柏起','高雄市楠梓區惠民路307號2樓','0912-555666','已出貨',TO_DATE('2015-12-12','YYYY-MM-DD'));
INSERT INTO PRO_ORDER VALUES ('20171026-000010','M000004',TO_DATE('2017-10-27','YYYY-MM-DD'),70,'子愉','台北市內湖區內湖路一段33號8樓','0918-333666','已出貨',TO_DATE('2015-12-12','YYYY-MM-DD'));
COMMIT;

--訂單明細 PRO_ORD_LIST FAKE DATA--

INSERT INTO PRO_ORD_LIST VALUES ('20171023-000001','P000001',20,800);
INSERT INTO PRO_ORD_LIST VALUES ('20171023-000001','P000002',20,600);
INSERT INTO PRO_ORD_LIST VALUES ('20171023-000001','P000003',20,800);
INSERT INTO PRO_ORD_LIST VALUES ('20171024-000002','P000006',1,400);
INSERT INTO PRO_ORD_LIST VALUES ('20171024-000002','P000007',1,220);
INSERT INTO PRO_ORD_LIST VALUES ('20171024-000002','P000008',1,70);
INSERT INTO PRO_ORD_LIST VALUES ('20171025-000003','P000003',1,400);
INSERT INTO PRO_ORD_LIST VALUES ('20171025-000004','P000003',1,220);
INSERT INTO PRO_ORD_LIST VALUES ('20171025-000005','P000003',1,70);
INSERT INTO PRO_ORD_LIST VALUES ('20171026-000006','P000003',1,70);
INSERT INTO PRO_ORD_LIST VALUES ('20171026-000007','P000003',1,70);
INSERT INTO PRO_ORD_LIST VALUES ('20171026-000008','P000003',1,70);
INSERT INTO PRO_ORD_LIST VALUES ('20171026-000009','P000003',1,70);
INSERT INTO PRO_ORD_LIST VALUES ('20171026-000010','P000003',1,70);
COMMIT;

--==================================================--

--小朱--

--文章分類 ARTI_CLASS FAKE DATA--

INSERT INTO ARTI_CLASS VALUES (1,'修繕'); 
INSERT INTO ARTI_CLASS VALUES (2,'教育'); 
INSERT INTO ARTI_CLASS VALUES (3,'交友'); 
INSERT INTO ARTI_CLASS VALUES (4,'其他'); 
COMMIT;

--討論區 ARTI_FORM FAKE DATA--

INSERT INTO ARTI_FORM VALUES ('AR'||LPAD(to_char(ARTI_FORM_SEQUENCE.NEXTVAL),8,'0'),'M000001','「工具人」最大的誤會，就是以為愛情中付出就絕對有回報',3,'你聽過「工具人」這個說法嗎？所謂的「工具人」，泛指感情中被喜歡的對象當做工具利用，但是付出再多也沒有交往機會的人。人人都不希望自己變成那個被利用的人，那麼該怎麼避開這種令人難堪的情境呢？許多人以為愛情就像電動裡的打怪升等，只要你多努力多付出，就能從朋友升格成情人，但追求本來就是技巧性和運氣問題，絕非做越多就能讓對方愛上你，只要抱著「付出就會有回報」的心態，就註定容易變成工具人。「追求」喜歡的人這件事，從來就不是一個「打怪升等」的過程，喜歡的人能夠依賴你對你提出要求，這像是一個甜蜜的毒藥，你感覺能完成喜歡的人提出的任務，就把自己視為對方重要的人，殊不知如果對方對你沒有曖昧情愫，你就已經變成他的「工具人」。許多努力付出的「工具人」，到最後發現對方居然選擇跟另一個人在一起，可能會心生怨恨想說：「你的宵夜我幫你買的、是我接送你上下班的，付出這麼多，你居然跟別人在一起！」但是，愛情中付出本來就是用在對的人身上才有回報，如果從頭到尾都對你沒意思，付出再多也沒有用。試著換位思考：如果有一天，有一個完全不是你的菜的人，繞在你身邊幫你做東做西，你有一天愛上他的可能性有多少呢？在追求過程中付出，請了解「一個願打、一個願挨」的道理，你的付出是因為你喜歡他，但絕不要覺得付出一定有回報，如果有這樣的心態，就容易陷入無限付出又抱著無限期待的心情在等著對方的青睞，最後也只是一場空。',TO_date('2017-09-10 12:13:14','YYYY-MM-DD HH24:MI:SS'),load_blob('XXX1.jpg'),1,'ㄧ般'); 
INSERT INTO ARTI_FORM VALUES ('AR'||LPAD(to_char(ARTI_FORM_SEQUENCE.NEXTVAL),8,'0'),'M000002','大家心目中宅男的形象跟現實中的宅男其實不太一樣',3,'一般世俗人提到宅男，腦中都是那個體態肥胖、好幾天不洗澡、身上穿動漫T、家裡一堆美女手辦、桌面放油圖、臉上滿臉油、女性絕緣體的傢伙。但是事實上這種“經典款”真的是少數，至少我自己自命是非常宅的人，也認識一些宅宅朋友，在我看來一般所謂的宅男不一定是這個樣子。現在開放大家來討論一下吧!!!',TO_date('2012-01-19 10:26:11','YYYY-MM-DD HH24:MI:SS'),load_blob('XXX2.jpg'),4,'ㄧ般'); 
INSERT INTO ARTI_FORM VALUES ('AR'||LPAD(to_char(ARTI_FORM_SEQUENCE.NEXTVAL),8,'0'),'M000003','【問題】我這工作是好還是爛',2,'要會開堆高機 會開貨車 要收送貨 要會電腦(PS AE PR MAX ZB SBP) 平面動畫+3D動畫 一人完成 EXCEL資料登記 要做體力活 全身汗濕那種 要吸粉塵 會弄得全身髒 24HR待命+保全 電話來就要馬上處理 即使已經是假日 沒三節 年終 中午有80元便當 一個月18K 這樣算好ㄇ?',TO_date('2013-05-24 10:26:40','YYYY-MM-DD HH24:MI:SS'),load_blob('XXX3.jpg'),4,'ㄧ般'); 
INSERT INTO ARTI_FORM VALUES ('AR'||LPAD(to_char(ARTI_FORM_SEQUENCE.NEXTVAL),8,'0'),'M000004','【問題】彈吉他碰到的問題 這樣有解嗎',9,'1.手指太僵硬  2.手指不協調  3.手指頭肉太粗太多 會悶到其他弦  4.常常談到手好痠痛  這些有解嗎???',TO_date('2013-11-13 20:45:35','YYYY-MM-DD HH24:MI:SS'),load_blob('XXX4.jpg'),4,'ㄧ般'); 
INSERT INTO ARTI_FORM VALUES ('AR'||LPAD(to_char(ARTI_FORM_SEQUENCE.NEXTVAL),8,'0'),'M000005','【討論】請會日文的大大進來',9,'小弟目前準備N3的學習 有沒有推薦的書呢 還是繼續念大家的日本語呢 有更推薦的嗎???',TO_date('2014-01-05 17:16:34','YYYY-MM-DD HH24:MI:SS'),load_blob('XXX5.jpg'),2,'ㄧ般'); 
INSERT INTO ARTI_FORM VALUES ('AR'||LPAD(to_char(ARTI_FORM_SEQUENCE.NEXTVAL),8,'0'),'M000006','【問題】為啥跟女生去看電影 對方沒有主動說要合照',11,'是不是她不在意我們一起出來的時光==  我拿我的手機合照完也沒跟我要照片  心寒了',TO_date('2014-03-15 16:09:11','YYYY-MM-DD HH24:MI:SS'),load_blob('XXX6.jpg'),4,'ㄧ般'); 
INSERT INTO ARTI_FORM VALUES ('AR'||LPAD(to_char(ARTI_FORM_SEQUENCE.NEXTVAL),8,'0'),'M000007','【其他】有改圖高手嗎?(特粉不要入來)',18,'我覺得一般版嬰靈戰車的梗用太多，變得不有趣了  所以有人能把嬰靈戰車，P圖P得帥氣或可愛一點嗎?  我想日後出現的嬰靈圖有點新鮮感與好笑度   加點氣流及裝飾給嬰靈，讓他變得帥氣點及可愛點也行  例如 : 冰火版嬰靈戰車、暗黑屬性嬰靈戰車、聖誕版嬰靈戰車  本人為報答你的改圖，能力所限只能給你一個GP，抱歉，拜託了~',TO_date('2014-03-26 10:23:38','YYYY-MM-DD HH24:MI:SS'),load_blob('XXX7.jpg'),4,'ㄧ般'); 
INSERT INTO ARTI_FORM VALUES ('AR'||LPAD(to_char(ARTI_FORM_SEQUENCE.NEXTVAL),8,'0'),'M000008','【問題】你們支持台獨還是反對台獨啊?',6,'如題 有點好奇 場外大部分的想法是什麼???',TO_date('2015-04-26 15:10:38','YYYY-MM-DD HH24:MI:SS'),load_blob('XXX8.jpg'),4,'ㄧ般'); 
INSERT INTO ARTI_FORM VALUES ('AR'||LPAD(to_char(ARTI_FORM_SEQUENCE.NEXTVAL),8,'0'),'M000009','【情報】民調：52％民眾不滿意蔡總統兩岸政策',25,'2017-10-23 10:35  〔記者楊淳卉／台北報導〕針對總統蔡英文在兩岸關係的表現，台灣民意基金會今公布最新民調顯示，高達民眾52%不滿意，遠高於滿意的36.4%。至於蔡總統領導國家的方式，43.7%民眾贊同，37.3%不贊同，贊同者和最近一個月相比小跌2.7%，不贊同者上升0.9%。  民調報告分析，比較2016年8月起的長期民調趨勢觀察，蔡總統處理兩岸關係表現，持續未獲得台灣多數民意肯定，若長期維持這樣的狀態，不但總統聲望難拉抬，也將減少和中共周旋的籌碼，不利台灣開展對己有利的兩岸關係。  台灣民意基金會董事長游盈隆表示，從8次的全國性調查，蔡總統的兩岸政策，僅在2016年8月上任100天時獲得過半數民意支持，但去年11月至今，不滿意者卻都高於滿意者；蔡總統在兩岸關係上，不能僅停在「兩岸維持現狀」的基調，沒有其他創意表現，國安體系和海陸兩會要好好重新檢討。  游盈隆也指出，從民調來看，統獨兩方對蔡總統處理都不滿意。  前民進黨立委簡錫?，若從族群來解讀，蔡總統自稱是客家女兒，但客家人不滿意蔡總統兩岸政策者超過五成，原住民反對者更高達84.3%，遠高於外省族群的不滿意者，連河洛人也不滿意蔡總統；從李明哲、劉曉波案來看，蔡總統對兩岸懦弱、不敢發聲。  此次民調由台灣民意基金會委託山水民意公司進行調查，訪問對象為全國20歲以上成年人，以全國住宅電話用戶為抽樣架構，以系統抽樣加尾數兩碼隨機抽樣。訪問日期為2017年10月16日至10月17日，有效樣本1068人，在95%信心水準下，抽樣誤差正負3%。',TO_date('2015-11-29 21:22:39','YYYY-MM-DD HH24:MI:SS'),load_blob('XXX9.png'),4,'ㄧ般'); 
INSERT INTO ARTI_FORM VALUES ('AR'||LPAD(to_char(ARTI_FORM_SEQUENCE.NEXTVAL),8,'0'),'M000010','【閒聊】有天乃哥穿越時空 回到三國時代',14,'乃哥變成蜀國的一位士兵  某天 劉備對全體將士說  此局乃是我和孔明先生精心的佈署 不齊全的地方還請提出改善  乃哥當場爆氣對劉備罵  姦汝娘的x  劉備大怒下令抓起來......  乃哥下場大家自行想像吧',TO_date('2016-01-15 10:15:28','YYYY-MM-DD HH24:MI:SS'),load_blob('XXX10.jpg'),4,'ㄧ般'); 

INSERT INTO ARTI_FORM VALUES ('AR'||LPAD(to_char(ARTI_FORM_SEQUENCE.NEXTVAL),8,'0'),'M000011','【心得】最近有點討論度 關於FB上的詐騙集團賣礦卡',2,'最近板上有一些相關文章 就是FB最近很夯的 詐騙販賣  然後很多人心動 什麼的 問看看是否是真詐騙 反正不囉嗦 還是要有勇者  我也訂一隻來玩 反正是貨到付款 然後 似乎是統一在今天11/8號  全部出貨 以下是收到貨的圖 確實是詐騙集團!!!請有疑問的朋友  不要真的付錢下去 問題一 大小不符 1080TI 可沒那麼小  我沒用卡尺量 反正大小不對就是試了  問題二 重量過輕   幹你... 裡面根本是衛生紙重量  之前也有訂的朋友 記得不要收貨  看板上似乎很多人會怕 然後裝死 說 我不是本人  其實不用怕 這樣反而最造成人家困擾 給人家簽拒收就好 後面都沒他的事了   雖然沒打算付錢 可是該有的道德還是要負責  快遞員來的時候 我直接說是我本人  我就跟快遞員說 : 我要拒收 這個是詐騙集團的 可以借我拍照嗎?  快遞員很爽快答應: 他說 對阿 這應該是詐騙的  哪裡來的顯卡重量跟衛生紙一樣 而且也不知道是誰送的!  然後劈哩啪啦聊兩句就請他幫我簽拒收  以上分享 如果有人真的付錢 歡迎來留言哭哭 我會不吝嗇給GP  ',TO_date('2016-02-25 20:13:14','YYYY-MM-DD HH24:MI:SS'),load_blob('XXX11.jpg'),4,'ㄧ般'); 
INSERT INTO ARTI_FORM VALUES ('AR'||LPAD(to_char(ARTI_FORM_SEQUENCE.NEXTVAL),8,'0'),'M000012','【討論】最近我媽開始想逼我姊去考公務員',1,'最近我媽開始想逼我姊去考公務員 ...  ...  ...  暫停一下  我先說個耳熟的故事  某人說他想做什麼是/讀什麼科系  然後被罵說那個很競爭/能脫穎而出的很少，會餓死，不准  然後再回來公務員 ...  ...  ...  對，考公務員就不競爭  就算  今年的台清交  去年的台清交  前年的台清交  十年前的台清交都會來跟你搶  考公務員還是超不競爭，很輕鬆，不會餓死 ...  ...  ...  你們這些大人真的很噁心   當年我姊想念美術科系被那兩個逼退念一個她根本不愛的會計 現在做到憂鬱症辭職後開始逼她考公務員，e04',TO_date('2016-3-15 11:08:24','YYYY-MM-DD HH24:MI:SS'),load_blob('XXX12.png'),4,'ㄧ般'); 
INSERT INTO ARTI_FORM VALUES ('AR'||LPAD(to_char(ARTI_FORM_SEQUENCE.NEXTVAL),8,'0'),'M000013','【情報】一般年輕人缺乏耐心和溝通',8,'由於教育制度和環境問題，如今的一般年輕人，都極度缺乏耐心、溝通和能力。就如 Simen Sinek 所說的那樣：不管你喜不喜歡，都沒得選擇。我覺得與其等少數的善心人去帶動環境，更重要的是自己去改正學習。所以…… 趕快去買他的書吧～XD  很好地解釋了如何溝通：',TO_date('2017-09-10 12:13:14','YYYY-MM-DD HH24:MI:SS'),load_blob('XXX13.png'),1,'ㄧ般'); 
INSERT INTO ARTI_FORM VALUES ('AR'||LPAD(to_char(ARTI_FORM_SEQUENCE.NEXTVAL),8,'0'),'M000014','【討論】美國男子性侵10個月大的女嬰',3,'美國一名喪心病狂的男子，竟然性侵女友10月大的女兒致死；而他臉書的封面照片，就寫著「我不會因為是性變態道歉」。根據美國《查爾斯頓憲郵報》（Charleston Gazette-Mail）報導，32歲的泰勒（Benjamin Ryan Taylor）與女友愛特琴斯（Amanda Adkins）住在西維吉尼亞洲的科蒂奇維爾（Cottageville）。周日（2日）晚上，泰勒趁女友在睡覺，把女友10月大的女兒艾蜜莉（Emmaleigh）帶到地下室。隔天清晨，他的女友下床找不到女兒，在地下室發現他和女兒都裸體躺在地上；女兒因為下體被插入東西，躺在一灘血裡，一旁是染血的毯子和衣物。她立刻叫救護車，但是在送醫途中女兒就已經過世；她女兒除了遭到性侵，還曾被劇烈搖晃、頭部多處受傷。警察調查時，察覺泰勒想要從下體擦掉東西，後來證實是女友女兒的血。他一開始表示自己不知道嬰孩如何受傷，但後來宣稱自己想要幫她換尿布，後來就神志不清，不知道自己做了什麼。而泰勒的臉書封面照片，寫的就是「我不會因為是性變態道歉」，令人不寒而慄。當時屋內還有另外3名孩童，但是都沒有被攻擊；調查的警長柏格斯（Tony Boggs）表示，擔任當地警長後從來沒有碰到這樣性質的案件。他被警方逮捕後，保釋金定為2百萬元美金（約6280萬元台幣）。若性侵嬰兒罪名成立，可能面臨25年到100年有期徒刑與罰款。（蘇立／綜合外電報導）資料來源:http://www.nextmag.com.tw/breaking-news/international/20161007/44590967  真是有夠變態的蘿莉控',TO_date('2017-10-08 01:07:48','YYYY-MM-DD HH24:MI:SS'),load_blob('XXX14.jpg'),4,'ㄧ般'); 
INSERT INTO ARTI_FORM VALUES ('AR'||LPAD(to_char(ARTI_FORM_SEQUENCE.NEXTVAL),8,'0'),'M000015','【情報】法蘭克福書展 德法元首力促歐盟團結',3,'來源：自由時報〔記者凌美雪／德國法蘭克福十一日報導〕全球最大的法蘭克福書展十日正式登場，一如外界預期，德國總理梅克爾與法國總統馬克宏連袂出席書展開幕晚會，並分別發表幾近專題演講長度的致詞，以文化角度重申兩國密不可分的關係，共同承諾將更進一步促進文化交流，也將為歐洲的團結共同努力。今年法蘭克福書展主題國為法國，定義上則更廣泛延伸到所有法語文學，「沒有法國文化影響的德國將有多貧乏？同樣的，沒有德國文化的法國也將多貧乏？」梅克爾說，「作家常常是創意發想者，也是搭建橋樑者。」馬克宏則強調文學整合的力量，「我們為我們的書籍與文化而奮戰，沒有文化就沒有歐洲。」他說，「書是我們在這世上最珍貴的東西，也是最有效的武器。」為維護歐盟價值，這兩大歐洲關鍵夥伴持續加強互動，彼此間頻密交流的「高度」，也從政治與經濟延伸到文化場域，使法蘭克福書展史上首次出現德、法兩國元首同時出席的盛況，也是媒體最「高度」關注的一次開幕晚會。全球最大的法蘭克福書展十一日登場，德國總理梅克爾與法國總統馬克宏連袂出席九日的開幕晚會，承諾將更進一步促進兩國文化交流，為歐洲的團結共同努力。圖為梅、馬兩人展示一份古騰堡印刷機仿製品印出的世界人權宣言複本。（法新社）',TO_date('2017-10-12 09:41:36','YYYY-MM-DD HH24:MI:SS'),load_blob('XXX15.jpg'),4,'ㄧ般'); 
INSERT INTO ARTI_FORM VALUES ('AR'||LPAD(to_char(ARTI_FORM_SEQUENCE.NEXTVAL),8,'0'),'M000016','【情報】2017年布克獎 美作家喬治．桑德斯摘下',33,'【大紀元2017年10月18日訊】美國短篇小說家喬治．桑德斯（George Saunders）以首部長篇小說「生死徘徊的小林肯」（Lincoln in the Bardo）獲得今年布克獎（Man Booker Prize），成為第二位獲獎美國作家。美國作家畢提（Paul Beatty）去年以尖酸苛刻筆法，諷刺美國種族關係的小說「出賣」（The Sellout）摘下布克獎。「生死徘徊的小林肯」這部小說使用數百名敘述者的敘述，編織美國總統林肯11歲兒子威利（Willie）死亡的故事。評審團主席楊恩（Lola Young）表示：「這部非常有獨創性小說的形式與風格，展現機智、聰明和極度動人的敘述。」法新社報導，布克獎是當代英語小說界的最重要獎項，創於1969年，原只授與大英國協或愛爾蘭的作家，2014年起對非大英國協國家的作家開放。布克獎每年頒發一次，與諾貝爾獎一樣，只頒予仍在世的人，得獎作家會得到國際推崇肯定。得主作品在全球的銷量勢必會大幅攀升，銷售所得將使5萬英鎊（約新台幣200萬元）獎金相形失色。喬治．桑德斯擊敗其他5位入圍決選作家獲獎。入圍今年決選的有3位英國作家和3位美國作家。70歲美國作家保羅．奧斯特（Paul Auster）以長篇小說「四三二一」（4321）入圍，美國新銳作家艾米麗．弗里德倫德（Emily Fridlund）以處女作「狼群的歷史」（History of Wolves）入圍。英國作家阿莉．史密斯（Ali Smith）憑著「秋日」（Autumn）一書4度入圍決選名單；英國－巴基斯坦作家莫欣．哈米德（Mohsin Hamid）則以小說「一路向西」（Exit West）兩度入圍。以「埃爾梅特小鎮」（Elmet）進入決選的29歲英國作家菲奧娜．莫茲利（Fiona Mozley），是最年輕的入圍者。曾獲布克獎的作家包括英國作家伊恩．麥克尤恩（Ian McEwan）、艾瑞絲．梅鐸（Iris Murdoch）和魯西迪（Salman Rushdie）。（轉自中央社）',TO_date('2017-10-18 10:59:54','YYYY-MM-DD HH24:MI:SS'),load_blob('XXX16.jpg'),4,'ㄧ般'); 
INSERT INTO ARTI_FORM VALUES ('AR'||LPAD(to_char(ARTI_FORM_SEQUENCE.NEXTVAL),8,'0'),'M000017','【醫病平台】好活、好死',25,'金柏莉是二號房間病人珍妮的妹妹。當卵巢癌末期的珍妮還在溫哥華總醫院的安寧病房做疼痛處理時，我就見過。自從珍妮三個月前入住到這家安寧院之後，她幾乎是一有空就來陪伴姊姊。六十歲不到的珍妮，長得白胖，個性非常開朗。一生未婚，未發病前是財稅規劃師，收入頗豐。她喜歡打扮、旅遊、美食、社交活動。她說錢財賺來是為享用的；否則要是真成了「錢在銀行，人在天堂」 ，豈不冤枉？她被診斷出卵巢癌時，已是轉移多處的末期。消息傳出後，許多同事與友人都紛紛勸進，他們告訴珍妮：有治療才有希望；說不定會有奇蹟出現；反正加拿大有健保，一切免費…等等理由都搬出來了。珍妮卻只是淡淡地回應說：要是她飽受無謂的折磨後，才只多換來幾個月的生命，沒有意義；雖然醫療免費，她卻也不願意做那種浪費醫療資源的事。做了這個決定之後，珍妮立即辭去工作，並由幾個妹妹陪同去了一趟地中海的遊輪之旅。回來後不久，就因疼痛難當而入住安寧病房；症狀得到緩解後，又轉到安寧院來…。由於最近珍妮病情已惡化到令她雙腿無法動彈，上下輪椅也倍極辛苦，她的病床就是她絕無僅有的活動空間，但是她並不曾以此為忤，或口出怨言。獨處時，她喜歡靜靜地看書，或看電視。有訪客時，她則是和親友談笑打哈，一點都不像是在等待大限到來的病人。陣陣笑聲也給太過寂靜的「末期病人的住家」注入不少生氣。為她做能量調整時，她都閉著眼睛、接受宇宙療癒的能量，直到睡去。不過，在我為她做腳部按摩時，健談的她就滔滔不絕地講個沒完。有一次，她問我說：「你會不會因我死到臨頭卻還活得這麼開心，而覺得奇怪？」我沒答話，她自己接下去：「我知道我的日子已然屈指可數。但是愁眉苦臉，也過一天；眉開眼笑，也過一天。倒不如在自己僅有的時光裡注入些活力與生命，而活得開開心心地，直到那時刻來到為止。」其實，這也就是安寧療護的真諦：「雖不能在生命中添加時光，卻可以在時光中注入生命（Although we can’t add time to life, we can add life to time）」。珍妮這麼有智慧的生活態度，真叫我衷心羨慕她如此懂得，「好活」地把所剩無幾的生命活得發光、發熱…。病人對自己的病情其實比誰都清楚；望著已是薄暮時分的窗外，想著就要日落西山的珍妮，我一面輕聲讚歎著：「好活、好死；美麗的生命！睿智的選擇！」，一面為即將遠行的她修起藏傳佛教的「頗瓦法」，祝福她在神佛的帶領下，穩行慢走，步向平安、自在、喜悅。',TO_date('2017-10-20 17:23:35','YYYY-MM-DD HH24:MI:SS'),load_blob('XXX17.jpg'),4,'ㄧ般'); 
INSERT INTO ARTI_FORM VALUES ('AR'||LPAD(to_char(ARTI_FORM_SEQUENCE.NEXTVAL),8,'0'),'M000018','【情報】翻白眼會視網膜剝離？',16,'▲翻白眼會導致視網膜剝離？醫師打臉啦！...這4大種人才是高危險群（圖／記者李佳蓉攝）記者趙于婷／台北報導多數人都知道「視網膜剝離」是失明主因之一，近日有媒體報導「翻白眼」會增加視網膜剝離風險，但這種說法被眼科醫師大大打臉！新竹國泰醫院眼科主任陳瑩山指出，翻白眼「完全不可能」造成視網膜剝離，反而高度近視、白內障術後和強烈撞擊、眼球操（轉動眼球、按壓眼球）才是最大危險因子。媒體報導指出，翻白眼幅度太大，會過度拉扯視網膜，長期恐導致視網膜剝離。但陳瑩山表示，其實高度近視（大於600度）、病理性近視（800度）的才該擔心，因為高度近視者眼球軸距會加長，像橄欖球一樣，有時候微細血流供應也比較不容易 ，嚴重會造成視神經退化 。另外，近幾年流行的「眼球操、按壓眼球」等護眼方式，也是一大風險。陳瑩山表示，眼球操是轉動眼珠，但眼睛轉動得更厲害反而容易造成眼睛痠麻、脹痛，除了會引起頭痛不適，眼睛還會看不清楚。▲眼球操（轉動眼球、按壓眼球）反而傷眼。（圖／達志示意圖，下同）而「按壓眼球」更是危險動作，陳瑩山強調，多數民眾不清楚眼球構造，眼球如果受到外力按壓會造成壓力過大，可能按出飛蚊症或把視神經壓壞，引發失明。另外，「看遠看近放鬆法」則可能導致眼過勞和假性近視的風險。近兩三年因為智慧型手機等3C產品，臨床上出現了許多以往沒有的毛病，包括乾眼症流行化、假性近視成人化、老花眼年輕化、早性白內障和年輕型黃斑部病變等，不好好保養，恐釀遺憾。若想放鬆眼睛，陳瑩山建議，讓眼睛充足休息很重要，除了可透過熱敷增加血液循環，也可透過飲食來攝取護眼營養素Omega-3（包含DHA和EPA），醫師指出，鮪魚、鰤魚、鯖魚、秋刀魚、鰻魚、沙丁魚、鱒魚和鮭魚及部分海藻等都是DHA的來源，其中含量最高的是「鮪魚」。▲鮭魚是護眼營養素DHA的來源。★圖片為版權照片，由達志影像供《ETNEWS新聞雲》專用，任何網站、報刊、電視台未經達志影像許可，不得部分或全部轉載！',TO_date('2017-10-26 18:47:08','YYYY-MM-DD HH24:MI:SS'),load_blob('XXX18.jpg'),4,'ㄧ般'); 
INSERT INTO ARTI_FORM VALUES ('AR'||LPAD(to_char(ARTI_FORM_SEQUENCE.NEXTVAL),8,'0'),'M000019','【情報】加泰問題難解 西班牙派最具權力女人救火！',9,'〔即時新聞／綜合報導〕西班牙加泰隆尼亞自治區27日宣布獨立，西班牙當局隨即將加泰隆尼亞主席普伊格蒙特（Carles Puigdemont）的職務解除，改由西班牙副總理薩恩茲（Soraya Saenz de Santamaria）掌管加泰地區。薩恩茲作為西班牙最具權力的女性，由她處理加泰問題備受考驗。綜合外媒報導，西班牙面臨歷史上政治難題，薩恩茲也被委派面對從政以來最艱鉅考驗，外界看好律師出身的她能化解危機，並認為這位被認為是「西班牙最具權力」的女性能讓事件獲得控制，若成功未來有機會問鼎總理寶座。今年46歲的薩恩茲是西班牙總理拉霍伊（Mariano Rajoy）長期左右手，過去曾協助處理2014年伊波拉病毒疫情、2015年德國廉航「日耳曼之翼」（Germanwings）班機墜毀等重大事件，外界認為她扮演著西班牙政府的靈魂人物角色。薩恩茲現育有一子，當年她產子時僅11天後就返工，當時她強調「為脫離經濟蕭條與高失業率，國家有太多事得做」，廣獲國內好評。美國媒體甚至將她列為「歐洲最具權力女性5人」，認為她是「低民望政府中的最高民望大臣」。',TO_date('2017-10-30 07:51:14','YYYY-MM-DD HH24:MI:SS'),load_blob('XXX19.jpg'),4,'ㄧ般'); 
INSERT INTO ARTI_FORM VALUES ('AR'||LPAD(to_char(ARTI_FORM_SEQUENCE.NEXTVAL),8,'0'),'M000020','【情報】通俄門延燒》俄國假新聞觸及1.26億臉書用戶 IG、推特皆成假新聞溫床',3,'美國「通俄門」事件延燒，3名前川普親信先後遭到檢察官起訴，數家社群網站巨擘的調查也證實，俄國網軍干預美國總統大選的規模超乎想像。美國《紐約時報》報導，2016年美國大選期間，俄國假帳號總共在推特上發表超過13萬則推文，與在Youtube上發表超過1000支影片，連臉書都承認，高達1.26億名美國臉書用戶可能接觸過不實訊息，令人震驚。俄網軍間接影響超過一半的美國臉書用戶美國國會將在11月1日舉辦「通俄門」公開聽證會，進一步了解第三方如何透過社群網站影響總統選舉，臉書、谷歌和推特3家公司代表都會出席。而這些公司的聽證會證詞，遭知情人士全數爆料給媒體。臉書的證詞裡提到，俄國網軍2015年1月到2017年8月間，共發出8萬則貼文與廣告，不實訊息直接觸及2900萬人。BBC報導，這些貼文大多含有製造社會對立情緒的政治性內容，藉由分享按讚，可能間接影響1.26億名美國民眾。這個驚人數字相當於超過半數的美國臉書用戶，更相當於美國1/3的人口。臉書法律總顧問斯特雷奇（Colin Stretch）在證詞中表示，這些不實訊息背後的政治意圖相當明顯，「我們目前查到的廣告、貼文令人氣憤與不安，這些外國假帳戶試圖分化美國社會，製造各族群間衝突，更企圖影響選舉，不僅威脅美國民主，也違背了我們的價值。 」Instagram、推特、谷歌也受害臉書成為俄國政治宣傳工具，其他社群網站如Instagram（IG）、推特（Twitter）與谷歌（Google）無一倖免。IG為臉書旗下公司，臉書公司證稱，發現170個與俄國相關的IG假帳號，總共發了12萬則貼文，這些帳號已經遭臉書公司刪除。美國最熱門社群網站推特9月報告則指出，俄國網軍大約只握有201個帳戶。但推特在一個月後改口，表示涉案規模可能是原先預期的十倍以上。推特公司證稱，與俄國政府有關聯的公司「網際網路研究局」（Internet Research Agency），在2016年9月到11月間共創立了2,700個假帳號，發表了超過13萬則貼文。這些帳號現在已遭推特刪除。除了「 網際網路研究局」的推文，這三個月間，還有另外3萬6千個假帳號，3個月內共發出140萬則與俄羅斯相關的推文，一共達到超過2億8千點閱人次。搜尋引擎龍頭谷歌也證稱，他們找到了18個可能與俄國有關連的帳號。這些帳號在2015年到2017年間，共發表了超過1,100支含有政治性內容的影片。但這些影片的瀏覽人次多數不超過5000。他們也發現，「網際網路研究局」在美國大選期間，花了4,700美元（約新台幣14萬元）買廣告，但這些廣告並不具有政治傾向。',TO_date('2017-11-01 18:07:08','YYYY-MM-DD HH24:MI:SS'),load_blob('XXX20.jpg'),4,'ㄧ般'); 

INSERT INTO ARTI_FORM VALUES ('AR'||LPAD(to_char(ARTI_FORM_SEQUENCE.NEXTVAL),8,'0'),'M000016','【心得】如果男生也跟女生一樣錢都花在自己身上',3,'男女平等平權的時代，如果男生也跟女生一樣，每年一趟歐洲加一趟短程，每個月花錢在自己身上也不要存錢，衣裝，保養品，健身娛樂，進修補習，剩下的就是出國旅遊，也跟多數女生一樣，不買車不買房，同性出去各付各，異性出去，讓對方付，請問這樣男生有何下場或結局？畢竟我們是在男女平權平等的時代！PS. 請假設沒有靠爸靠爺靠祖產。',TO_date('2017-11-02 20:13:14','YYYY-MM-DD HH24:MI:SS'),load_blob('XXX21.jpg'),4,'ㄧ般'); 
INSERT INTO ARTI_FORM VALUES ('AR'||LPAD(to_char(ARTI_FORM_SEQUENCE.NEXTVAL),8,'0'),'M000008','【討論】39歲未婚女開的結婚條件，請看看OK嗎',1,'朋友男A，月薪50K，38歲。相親對象，39歲女B，上個工作待了半年不喜歡，目前又換工作(業務類)，月收入不確定，猜應該40K內。見面直說了，男方至少要月入100K、婚後不跟父母住、每月要給她30K零用錢、女方賺的還是自己的、還要送給她一棟房子、另外生小孩的錢也都要男方負責~請問現在大部分的大齡單身女正常都是這樣想的嗎?(他們都是南部人)',TO_date('2017-11-03 20:09:34','YYYY-MM-DD HH24:MI:SS'),load_blob('XXX22.jpg'),4,'ㄧ般'); 
INSERT INTO ARTI_FORM VALUES ('AR'||LPAD(to_char(ARTI_FORM_SEQUENCE.NEXTVAL),8,'0'),'M000003','【討論】降溫對工作的熱忱度~~~如何再次燃燒呢?',2,'現年30好幾，應屬壯年階段，但發現對工作的熱忱度降溫了很多，不向20幾歲時很衝，現又原以為垂手可得的獎次又落馬，感覺更為失落~~其實也知道當然不能放棄工作，畢竟現在的我們不再是為了自己，更是為了我們自所在乎的人，故定要努力工作，但有時總會有總心事誰人知的感覺，無奈也無助，其實也想找人去聊聊，但或許自己的朋友圈小小，或是該說自己的朋友都比較不是本圈子的人，故有時總覺得對友人訴苦，也很不好意思，但~~~~該想想怎樣讓自己熱起來的方式吧!但怎是好難振作壓~~~~~感覺一天上班對一天上班，感覺好像電動玩具裡玩的喪屍喔!~~~~~~~',TO_date('2017-11-04 22:18:27','YYYY-MM-DD HH24:MI:SS'),load_blob('XXX23.jpg'),4,'ㄧ般'); 
INSERT INTO ARTI_FORM VALUES ('AR'||LPAD(to_char(ARTI_FORM_SEQUENCE.NEXTVAL),8,'0'),'M000012','【心情】縱我不往，子寧不來？',12,'人與人之間的緣份，與其說是微妙，不如說是有限。有限，有限量，有期限。錯過了就是錯過了。沒有了就是沒有了。當初一直主動的那個人，不願意繼續主動了。當初持續給你機會的那個人，現在可能已經不再單身了。緣份，往往就這樣被稀釋，消長了。當你在某個特別的日子裡，想起某個特別的人的時候，剩下的，恐怕只有遺憾了。',TO_date('2017-11-04 03:17:26','YYYY-MM-DD HH24:MI:SS'),load_blob('XXX24.jpg'),3,'ㄧ般'); 
INSERT INTO ARTI_FORM VALUES ('AR'||LPAD(to_char(ARTI_FORM_SEQUENCE.NEXTVAL),8,'0'),'M000006','【工作機會】總裁助理 (工作地點: 塞班島)',3,'上海江正集團招總裁助理 (www.saipanhouse.com)工作地點:塞班島。薪水:RMB2萬左右，備註:公司可以sponsor美國綠卡。有興趣的人請留連繫方式, 謝謝。',TO_date('2017-11-05 08:34:42','YYYY-MM-DD HH24:MI:SS'),load_blob('XXX25.jpg'),4,'ㄧ般'); 
INSERT INTO ARTI_FORM VALUES ('AR'||LPAD(to_char(ARTI_FORM_SEQUENCE.NEXTVAL),8,'0'),'M000009','【問題】深秋到泰安泡溫泉，網速疑慮',3,'趁著秋天跟家人安排好到苗栗泰安的溫泉飯店渡假，因為要趁空檔跟同事連線製作下週工作會議的簡報。雖然飯店有wifi可連，但怕在戶外同事突然打LINE給我會接不到，雖然之前有上網做過功課，知道遠傳基地台的覆蓋率還蠻高的，但偏遠的地區多少會疑惑。不知道遠傳在泰安者種比較偏遠地區的訊號好不好？！有沒有泰安的朋友可以分享的？',TO_date('2017-11-05 10:56:43','YYYY-MM-DD HH24:MI:SS'),load_blob('XXX26.jpg'),4,'ㄧ般'); 
INSERT INTO ARTI_FORM VALUES ('AR'||LPAD(to_char(ARTI_FORM_SEQUENCE.NEXTVAL),8,'0'),'M000005','【問題】有男生結婚給了女方聘金, 生了小孩又跟母姓了嗎?',8,'三不五時, 老是有一些男生在抱怨結婚時, 女方要求多少聘金, 說什麼又不是賣女兒, 哪來要什麼聘金,不知道是否有男生網友結婚時, 不但給了女方聘金, 生了男嬰或是只生一個, 又跟母姓的嗎?男女平權, 如果你將來準備結婚的對象, 女方提出不要求聘金, 但要求如果有生小孩的話, 小孩跟母姓,這你或你的爸媽又要如何處理?',TO_date('2017-11-06 01:20:46','YYYY-MM-DD HH24:MI:SS'),load_blob('XXX27.jpg'),4,'ㄧ般'); 
INSERT INTO ARTI_FORM VALUES ('AR'||LPAD(to_char(ARTI_FORM_SEQUENCE.NEXTVAL),8,'0'),'M000013','【情報】有推薦的平板嗎?',16,'因為市面上的平板真的太多了~~~有點不知道怎麼選起，想問，如果是以玩遊戲或是看影片為主比較講求續航力的該挑哪款平板比較好呢?',TO_date('2017-11-06 22:27:48','YYYY-MM-DD HH24:MI:SS'),load_blob('XXX28.jpg'),4,'ㄧ般'); 
INSERT INTO ARTI_FORM VALUES ('AR'||LPAD(to_char(ARTI_FORM_SEQUENCE.NEXTVAL),8,'0'),'M000012','【問題】請問大家都在哪裡買實木傢俱?有在景富莊買過傢俱嗎?',6,'最近在挑些實木傢俱，想問問大家有去過景富莊買過嗎?他們家的品質如何呢?因為聽過其他人說優木那些大牌子 ，大多都是買他們的牌子 東西就比較貴，要挑實木傢俱 柚木那些 有哪些該注意的呢?',TO_date('2017-11-07 07:38:54','YYYY-MM-DD HH24:MI:SS'),load_blob('XXX29.jpg'),4,'ㄧ般'); 
INSERT INTO ARTI_FORM VALUES ('AR'||LPAD(to_char(ARTI_FORM_SEQUENCE.NEXTVAL),8,'0'),'M000006','【問題】蝦皮怎麼退款',3,'請問各位大大，按完成訂單後還能退款嗎？賣家因重量問題所以拿了一樣商品起來，結果我不小心按到完成訂單，賣家說還可以按退款，可我不知道退款怎麼用。',TO_date('2017-11-08 22:12:58','YYYY-MM-DD HH24:MI:SS'),load_blob('XXX30.jpg'),4,'ㄧ般'); 

commit;

--回覆文章 ARTI_REPLY FAKE DATA--

INSERT INTO ARTI_REPLY VALUES ('RE'||LPAD(to_char(ARTI_REPLY_SEQUENCE.NEXTVAL),8,'0'),'M000009','AR00000001','工具人三個字，代表著你潛意識裡認為愛情帶有利益交換的本質。代表著你認為所有的付出，理應要得到回饋，把愛情中愛與被愛的關係擬人化，甚至拿來量化。這樣的愛情，究竟有甚麼意思？不管交往關係或分手戀人，工具人三個字，說穿了都是一個願打一個願挨。你打著工具人的身份，去獲得旁人的許可，認同你在這段無法獲得回應的關係哩，還有一點利用的價值。你同時又認為自己委屈，像個呼之則來揮之則去的「無愛情關係人」，為什麼要被這樣對待？我想說的是，如果你為一個人付出了很多，他卻不知道。如果你希望獲得注意，為什麼不把你的愛表達出來？如果你覺得這樣的身份很累，又為什麼不轉身離開？如果你所做的一切，都是出自於愛，那是你的選擇。你沒有立場去責怪提出要求的一方。',TO_date('2016-01-15 10:15:28','YYYY-MM-DD HH24:MI:SS'),1); 
INSERT INTO ARTI_REPLY VALUES ('RE'||LPAD(to_char(ARTI_REPLY_SEQUENCE.NEXTVAL),8,'0'),'M000004','AR00000002','阿宅就是阿宅',TO_date('2016-01-15 10:15:28','YYYY-MM-DD HH24:MI:SS'),4); 
INSERT INTO ARTI_REPLY VALUES ('RE'||LPAD(to_char(ARTI_REPLY_SEQUENCE.NEXTVAL),8,'0'),'M000003','AR00000003','SOSO',TO_date('2016-01-15 10:15:28','YYYY-MM-DD HH24:MI:SS'),4); 
INSERT INTO ARTI_REPLY VALUES ('RE'||LPAD(to_char(ARTI_REPLY_SEQUENCE.NEXTVAL),8,'0'),'M000003','AR00000004','白天不懂夜的黑',TO_date('2016-01-15 10:15:28','YYYY-MM-DD HH24:MI:SS'),4); 
INSERT INTO ARTI_REPLY VALUES ('RE'||LPAD(to_char(ARTI_REPLY_SEQUENCE.NEXTVAL),8,'0'),'M000002','AR00000005','思勾以捏',TO_date('2016-01-15 10:15:28','YYYY-MM-DD HH24:MI:SS'),2); 
INSERT INTO ARTI_REPLY VALUES ('RE'||LPAD(to_char(ARTI_REPLY_SEQUENCE.NEXTVAL),8,'0'),'M000006','AR00000006','不管滿漢全席還是清粥小菜，只要吃得到就是絕頂好菜!!!',TO_date('2016-01-15 10:15:28','YYYY-MM-DD HH24:MI:SS'),4); 
INSERT INTO ARTI_REPLY VALUES ('RE'||LPAD(to_char(ARTI_REPLY_SEQUENCE.NEXTVAL),8,'0'),'M000011','AR00000007','沒圖沒真相',TO_date('2016-01-15 10:15:28','YYYY-MM-DD HH24:MI:SS'),4); 
INSERT INTO ARTI_REPLY VALUES ('RE'||LPAD(to_char(ARTI_REPLY_SEQUENCE.NEXTVAL),8,'0'),'M000019','AR00000008','黑貓白貓，會抓老鼠就是好貓',TO_date('2016-01-15 10:15:28','YYYY-MM-DD HH24:MI:SS'),4); 
INSERT INTO ARTI_REPLY VALUES ('RE'||LPAD(to_char(ARTI_REPLY_SEQUENCE.NEXTVAL),8,'0'),'M000016','AR00000009','做人要李登輝一點阿~~~',TO_date('2016-01-15 10:15:28','YYYY-MM-DD HH24:MI:SS'),4); 
INSERT INTO ARTI_REPLY VALUES ('RE'||LPAD(to_char(ARTI_REPLY_SEQUENCE.NEXTVAL),8,'0'),'M000020','AR00000010','乃哥不要衝動',TO_date('2016-01-15 10:15:28','YYYY-MM-DD HH24:MI:SS'),4); 
INSERT INTO ARTI_REPLY VALUES ('RE'||LPAD(to_char(ARTI_REPLY_SEQUENCE.NEXTVAL),8,'0'),'M000020','AR00000020','BBC也報導，一年前臉書執行長祖克柏（Mark Zuckerberg）還駁斥說，指控Facebook幫助俄國干預美國大選的說詞相當「瘋狂」，然而各項證據接連出爐，臉書防治假新聞和惡意廣告的失敗，飽受各界批評，堪稱這家全球最大社交網站的危機。美國參議員克羅布查（Amy Klobuchar）與華納（Mark Warner ）上個月提出新法案，要求網路公司公開政治廣告來源，防止外國干預美國大選事件再度發生。臉書、谷歌與推特一致同意，臉書也表示三家社群網站巨擘將啟動技術與法律層面的合作，希望建立出更好的安全措施，事先偵測到威脅。臉書28日也宣布，11月起將開始測試提升政治廣告透明度的辦法，據臉書副總裁高德曼（Rob Goldman）公布計畫，政治廣告未來需通過認證，廣告主必須說明其身分與地理位置，廣告上也會主動顯示廣告主身分。此外，人們可點下「檢視廣告」（view ads）以得知更詳細的廣告來源資訊。除此之外，臉書準備祭出比政府要求還要嚴格的公開化政策，無論政治或商業廣告，未來臉書可能將每一條廣告的投放總金額、受眾特徵等詳細訊息都放入公開的資料庫，供用戶自行搜索。臉書也將開發人工智慧識別技術，找出沒有主動透露身分的廣告主，並禁止他們投放廣告。臉書表示，廣告公開化政策11月將在加拿大開始測試，美國地區的則預計在明年11月期中選舉前到位。推特上週也宣布，基於對俄羅斯購買廣告影響選舉的擔憂，將封鎖來自俄羅斯官媒《今日俄羅斯》（RT）與《俄羅斯衛星通訊社》（Sputnik）的廣告，這是美國社群網站公司有事以來，第一次對外國宣傳機構採取如此激烈的行動。',TO_date('2017-01-07 11:07:10','YYYY-MM-DD HH24:MI:SS'),4); 

INSERT INTO ARTI_REPLY VALUES ('RE'||LPAD(to_char(ARTI_REPLY_SEQUENCE.NEXTVAL),8,'0'),'M000006','AR00000021','別人家的男人像娘兒們一樣把錢花在自己身上，那是他家的事，關我屁事？阿就男女平權平等啊！有什麼問題呢？....(*O.O*)',TO_date('2017-11-03 10:25:26','YYYY-MM-DD HH24:MI:SS'),4); 
INSERT INTO ARTI_REPLY VALUES ('RE'||LPAD(to_char(ARTI_REPLY_SEQUENCE.NEXTVAL),8,'0'),'M000011','AR00000022','正常，因為現在的人都這樣，這也是為什麼台灣結婚率逐年下降，我個人見解 你參考看看，因她明知你的現況 還開這樣條件 我覺得她在刁難你 希望你知難而退。也許本來壓根不想嫁，相親只是應付長輩囉唆而已。知道對方條件還這樣開，看也知道被父母長輩逼急了的藉口。',TO_date('2017-11-04 10:15:28','YYYY-MM-DD HH24:MI:SS'),4); 
INSERT INTO ARTI_REPLY VALUES ('RE'||LPAD(to_char(ARTI_REPLY_SEQUENCE.NEXTVAL),8,'0'),'M000008','AR00000023','我也三十初左右，幾年前開始對「工作」這個概念日漸無感，雖然目前不討厭就是了；合夥類型工作的唯一好處就是錢多假多。但畢竟不論是什麼人、創業或是打工，工作永遠都是在忙別人的事...這基本上是違反人性本能的吧。而且代價高昂，必須犧牲自己的體力以及與家人朋友相處的時間。我想除了少數特例如藝術家等創作類型的工作以外，大部分的工作只要做個十來二十年，遲早會厭倦無感，有些人甚至會厭惡。與你不同之處是在發現這個問題之後，我根本沒有要燃燒什麼的想法...幹嘛跟自己過不去？人不為己天誅地滅，都已經這個年紀了，孰輕孰重我也有點認知：現在我只在乎自己、另一半、還有家人跟一些較熟的朋友，其他人的什麼什麼對我來說一點都不重要。因此我反而積極的投資並規劃退休財務，希望能再做個七八年就脫離這個輪迴。同時也盡量利用假期到處玩，平衡調適工作的心情，讓退休前的日子好過一點。感覺認清人生的重心以及改變目標以後，生活也踏實了很多。',TO_date('2017-11-05 11:25:28','YYYY-MM-DD HH24:MI:SS'),4); 
INSERT INTO ARTI_REPLY VALUES ('RE'||LPAD(to_char(ARTI_REPLY_SEQUENCE.NEXTVAL),8,'0'),'M000007','AR00000022','這些條件雖說有點刁難，但也不見得不能達到。因為就算男方只有月薪50k。去作監犯科要月入十萬不難。而且南部的房子， 只要家裡面過的還可以的， 拿一棟房子出來並不難，男方是獨子家裡很有可能會大力幫助 。 要是男方真的答應她的條件呢???我覺得要給對知難而退的理由有牽強， 真的要對方知難而退不應該開出這種有希望的條件。',TO_date('2017-11-07 09:25:58','YYYY-MM-DD HH24:MI:SS'),4); 
INSERT INTO ARTI_REPLY VALUES ('RE'||LPAD(to_char(ARTI_REPLY_SEQUENCE.NEXTVAL),8,'0'),'M000009','AR00000023','愛自己先。去找間真正純SPA店好好讓別人服務你，然後花筆錢喜多一下髮型，找間貴點的服飾店打扮自己，最後把這樣全新的自己送給老婆，把你得困惑告訴她，相信老婆會馬上幫你充滿電的',TO_date('2017-11-07 20:10:48','YYYY-MM-DD HH24:MI:SS'),4); 
INSERT INTO ARTI_REPLY VALUES ('RE'||LPAD(to_char(ARTI_REPLY_SEQUENCE.NEXTVAL),8,'0'),'M000006','AR00000022','1.顏值如何？39歲了，外表至少看起來不能超過35歲，除了顏值不能看起來超過35歲，身體狀況也不能超過35歲2.男方有沒有堅持兩人要生小孩？如果沒有，第1點也符合，個性也還行，相處起來也沒負擔，再來談下一步。如果以上都有差距，男方沒被嚇走，是被下符還是前世孽緣？',TO_date('2017-11-10 19:26:13','YYYY-MM-DD HH24:MI:SS'),4); 
INSERT INTO ARTI_REPLY VALUES ('RE'||LPAD(to_char(ARTI_REPLY_SEQUENCE.NEXTVAL),8,'0'),'M000001','AR00000024','一日不見如三月兮。不論你的長篇大論也好，總是藏著思念。',TO_date('2017-11-04 11:16:36','YYYY-MM-DD HH24:MI:SS'),3); 
INSERT INTO ARTI_REPLY VALUES ('RE'||LPAD(to_char(ARTI_REPLY_SEQUENCE.NEXTVAL),8,'0'),'M000019','AR00000025','看到綠卡就知道是假的，詐騙集團。塞班島工作只有無法入境美國本土的塞班綠卡，拿不了美國綠卡的。不然島上幾萬華人就不用苦等多年還沒下文了。',TO_date('2017-11-15 12:23:49','YYYY-MM-DD HH24:MI:SS'),4); 
INSERT INTO ARTI_REPLY VALUES ('RE'||LPAD(to_char(ARTI_REPLY_SEQUENCE.NEXTVAL),8,'0'),'M000016','AR00000022','合理，這年紀了眼裡看到的只有錢，不然嫁過去跟你吃苦嗎???嫁給你是要安穩舒服的過生活(就是要有錢)。我是覺得合理，要條件比較鬆的往年輕地去找，但是年輕的看得點就不一樣了。',TO_date('2017-11-11 08:10:45','YYYY-MM-DD HH24:MI:SS'),4); 
INSERT INTO ARTI_REPLY VALUES ('RE'||LPAD(to_char(ARTI_REPLY_SEQUENCE.NEXTVAL),8,'0'),'M000003','AR00000024','思念，手心握著，只有自己的掌心。放開，轉身遠行，拉著我倆的結繩。纏繞在星球的二端，偶爾拉起繩頭，織成一個對講機，按下通話。HI..........你好嗎?好想你...',TO_date('2017-11-04 23:26:37','YYYY-MM-DD HH24:MI:SS'),3); 
INSERT INTO ARTI_REPLY VALUES ('RE'||LPAD(to_char(ARTI_REPLY_SEQUENCE.NEXTVAL),8,'0'),'M000020','AR00000022','都39歲了，出社會也有20年了吧，很少有那種不長眼的人，所以會開出這種條件，通常都是不想跟你有下一步啦~~~人家就是想當單身女郎，既然知道她放大絕，那你就視實務的繼續找下一個吧~~~~何必上來來批評別人，畢竟人家也在交往前先說清楚了，總比要結婚了才開出大絕，那才傷腦筋吧~',TO_date('2017-11-13 13:29:33','YYYY-MM-DD HH24:MI:SS'),4); 

INSERT INTO ARTI_REPLY VALUES ('RE'||LPAD(to_char(ARTI_REPLY_SEQUENCE.NEXTVAL),8,'0'),'M000004','AR00000026','雖然我沒有去過泰安，但是之前去嘉義、南投那邊更偏僻的山區，遠傳收訊都蠻OK的，開視訊也沒問題。',TO_date('2017-11-05 15:15:39','YYYY-MM-DD HH24:MI:SS'),4); 
INSERT INTO ARTI_REPLY VALUES ('RE'||LPAD(to_char(ARTI_REPLY_SEQUENCE.NEXTVAL),8,'0'),'M000006','AR00000027','別人我是不清楚，我個人覺得 小孩從母姓 也很公平。媽媽10月懷胎很辛苦。兩夫妻有共識就好~~~不然就生2個 1個父姓 1個母姓 順序用猜拳的或擲銅板....各種方法都可以',TO_date('2017-11-06 10:12:53','YYYY-MM-DD HH24:MI:SS'),4); 
INSERT INTO ARTI_REPLY VALUES ('RE'||LPAD(to_char(ARTI_REPLY_SEQUENCE.NEXTVAL),8,'0'),'M000008','AR00000029','之前朋友有推薦，當時去看景富莊的桌子，感覺做工蠻細的，但因為比較不喜歡柚木顏色，和有情門的桌子比較，最後我們選有情門，因為都是朋友有買過推薦，兩家的品質應該都不錯。',TO_date('2017-11-07 11:49:52','YYYY-MM-DD HH24:MI:SS'),4); 
INSERT INTO ARTI_REPLY VALUES ('RE'||LPAD(to_char(ARTI_REPLY_SEQUENCE.NEXTVAL),8,'0'),'M000009','AR00000027','這個問題的確有一點棘手，不過想一下。不是很大的問題。爸爸的父親叫爺爺。依此類推。照著稱呼就好。不然所有的稱謂會全部搞混。不然用閩南語稱謂好了。都叫"阿公阿媽"。再不然用英文。沒問題的。我的二兒子從母姓。',TO_date('2017-11-07 11:08:45','YYYY-MM-DD HH24:MI:SS'),4); 
INSERT INTO ARTI_REPLY VALUES ('RE'||LPAD(to_char(ARTI_REPLY_SEQUENCE.NEXTVAL),8,'0'),'M000006','AR00000028','我會選ASUS ZenPad，筆電我也用ASUS的iPad價格高了點，ASUS的就很好用了 ～經過台哥大有看到門市推平板雙享組合，月租899就有兩台ZenPad！！等於買一送一！一台可以自己用，另一台賣掉或送給長輩當禮物都好完全看你～～～',TO_date('2017-11-07 15:23:23','YYYY-MM-DD HH24:MI:SS'),4); 
INSERT INTO ARTI_REPLY VALUES ('RE'||LPAD(to_char(ARTI_REPLY_SEQUENCE.NEXTVAL),8,'0'),'M000002','AR00000026','苗栗那邊台哥大訊號還蠻不錯的~~~~上次跟朋友去泰安觀止泡溫泉跟走吊橋，上傳IG限時動態也沒問題！ 擔心的話看你要不要多準備一張卡備用囉～',TO_date('2017-11-08 20:15:46','YYYY-MM-DD HH24:MI:SS'),4); 
INSERT INTO ARTI_REPLY VALUES ('RE'||LPAD(to_char(ARTI_REPLY_SEQUENCE.NEXTVAL),8,'0'),'M000019','AR00000029','前陣子我也去景富莊挑了個柚木書櫃，他們家的品質真的不錯，去那邊時都可以聞到好聞的木頭味。',TO_date('2017-11-08 23:28:49','YYYY-MM-DD HH24:MI:SS'),4); 
INSERT INTO ARTI_REPLY VALUES ('RE'||LPAD(to_char(ARTI_REPLY_SEQUENCE.NEXTVAL),8,'0'),'M000016','AR00000027','同姓通婚的好處笑~~~~姓別最重要除家族外就是拜牌位的問題，社會會亂就是有些默化的秩序不再，秩序也不是不能打破，要嘛事前講好照自己意思跑~~~~要嘛就當太陽東升就是照多數的觀念走，想要小孩從母姓就是招贅,哪這麼多理由,什麼好處都要拿，責任就是不想扛，說女方家會斷香火的,就加成複姓就好了，小弟我六年級的就遇過很多這種雙姓同存同學，理由都是媽媽家沒男丁，婚前買的房子誰的名，小孩跟誰姓，誰要養家，誰賺的算自己，太多人走到事情發生了才想討論對自己有利的一方，再來該該該~~~~~~~煩都煩死了~~~~~~~~~',TO_date('2017-11-08 09:12:43','YYYY-MM-DD HH24:MI:SS'),4); 
INSERT INTO ARTI_REPLY VALUES ('RE'||LPAD(to_char(ARTI_REPLY_SEQUENCE.NEXTVAL),8,'0'),'M000010','AR00000028','asus zenpad很推薦，現在去台哥大辦平板雙享方案，可以直接帶二台回家，一台自己用， 一台當作孝親機，一舉二得XD',TO_date('2017-11-08 20:23:29','YYYY-MM-DD HH24:MI:SS'),4); 
INSERT INTO ARTI_REPLY VALUES ('RE'||LPAD(to_char(ARTI_REPLY_SEQUENCE.NEXTVAL),8,'0'),'M000007','AR00000030','已完成收貨的訂單沒辦法自己在系統上退款，要蝦皮客服立案處理。我試過，已經二個月了，還沒收到退款，我建議你請賣家把差額隨包裏退款給你比較快。補充，我是商城的訂單。',TO_date('2017-11-09 09:25:58','YYYY-MM-DD HH24:MI:SS'),4); 
INSERT INTO ARTI_REPLY VALUES ('RE'||LPAD(to_char(ARTI_REPLY_SEQUENCE.NEXTVAL),8,'0'),'M000020','AR00000027','小孩不跟你姓就跟你一點關係也沒有嗎?不是你的種?以後生小孩要跟老婆姓我是沒問題，家裡人不會因為他姓什麼而有差別待遇...自己的父母就說已經決定好了，請他們尊重你們家的決定即可。',TO_date('2017-11-15 12:02:48','YYYY-MM-DD HH24:MI:SS'),4); 

commit;

--檢舉文章ARTI_REPORT FAKE DATA--

INSERT INTO ARTI_REPORT VALUES ('REP'||LPAD(to_char(ARTI_REPORT_SEQUENCE.NEXTVAL),7,'0'),'M000001','AR00000001','妨礙風化',TO_date('2016-01-15 10:15:28','YYYY-MM-DD HH24:MI:SS'),2,'已處理'); 
INSERT INTO ARTI_REPORT VALUES ('REP'||LPAD(to_char(ARTI_REPORT_SEQUENCE.NEXTVAL),7,'0'),'M000002','AR00000002','看了超及不蘇胡',TO_date('2016-01-15 10:15:28','YYYY-MM-DD HH24:MI:SS'),3,'待處理'); 
INSERT INTO ARTI_REPORT VALUES ('REP'||LPAD(to_char(ARTI_REPORT_SEQUENCE.NEXTVAL),7,'0'),'M000003','AR00000003','嚴重懷疑是詐騙集團',TO_date('2016-01-15 10:15:28','YYYY-MM-DD HH24:MI:SS'),1,'已處理'); 
INSERT INTO ARTI_REPORT VALUES ('REP'||LPAD(to_char(ARTI_REPORT_SEQUENCE.NEXTVAL),7,'0'),'M000004','AR00000004','灌水太嚴重',TO_date('2016-01-15 10:15:28','YYYY-MM-DD HH24:MI:SS'),4,'待處理'); 
INSERT INTO ARTI_REPORT VALUES ('REP'||LPAD(to_char(ARTI_REPORT_SEQUENCE.NEXTVAL),7,'0'),'M000005','AR00000005','ㄧ直來PO廣告真的很煩耶~~~',TO_date('2016-01-15 10:15:28','YYYY-MM-DD HH24:MI:SS'),1,'待處理'); 
INSERT INTO ARTI_REPORT VALUES ('REP'||LPAD(to_char(ARTI_REPORT_SEQUENCE.NEXTVAL),7,'0'),'M000006','AR00000006','發文沒重點',TO_date('2016-01-15 10:15:28','YYYY-MM-DD HH24:MI:SS'),2,'處理中'); 
INSERT INTO ARTI_REPORT VALUES ('REP'||LPAD(to_char(ARTI_REPORT_SEQUENCE.NEXTVAL),7,'0'),'M000007','AR00000007','沒文化兼沒衛生',TO_date('2016-01-15 10:15:28','YYYY-MM-DD HH24:MI:SS'),3,'待處理'); 
INSERT INTO ARTI_REPORT VALUES ('REP'||LPAD(to_char(ARTI_REPORT_SEQUENCE.NEXTVAL),7,'0'),'M000008','AR00000008','圖文不符',TO_date('2016-01-15 10:15:28','YYYY-MM-DD HH24:MI:SS'),2,'已處理'); 
INSERT INTO ARTI_REPORT VALUES ('REP'||LPAD(to_char(ARTI_REPORT_SEQUENCE.NEXTVAL),7,'0'),'M000009','AR00000009','人類的世界是很複雜的，快滾回火星吧!!!!',TO_date('2016-01-15 10:15:28','YYYY-MM-DD HH24:MI:SS'),1,'處理中'); 
INSERT INTO ARTI_REPORT VALUES ('REP'||LPAD(to_char(ARTI_REPORT_SEQUENCE.NEXTVAL),7,'0'),'M000010','AR00000010','看....有白癡',TO_date('2016-01-15 10:15:28','YYYY-MM-DD HH24:MI:SS'),2,'已處理'); 
INSERT INTO ARTI_REPORT VALUES ('REP'||LPAD(to_char(ARTI_REPORT_SEQUENCE.NEXTVAL),7,'0'),'M000011','AR00000011','有礙觀瞻',TO_date('2016-01-15 10:15:28','YYYY-MM-DD HH24:MI:SS'),1,'待處理'); 
INSERT INTO ARTI_REPORT VALUES ('REP'||LPAD(to_char(ARTI_REPORT_SEQUENCE.NEXTVAL),7,'0'),'M000012','AR00000012','我的白眼都快翻到外太空去了.....',TO_date('2016-01-15 10:15:28','YYYY-MM-DD HH24:MI:SS'),4,'待處理'); 

commit;

--廣告 AD FAKE DATA--

INSERT INTO AD VALUES ('AD'||LPAD(to_char(AD_SEQUENCE.NEXTVAL),8,'0'),load_blob('YYY6.png'),'小三美日-限時下殺買的便宜',TO_date('2016-05-15 10:15:28','YYYY-MM-DD HH24:MI:SS'),TO_date('2016-08-15 10:15:28','YYYY-MM-DD HH24:MI:SS'),'FTY000001','小三美日'); 
INSERT INTO AD VALUES ('AD'||LPAD(to_char(AD_SEQUENCE.NEXTVAL),8,'0'),load_blob('YYY7.png'),'燦坤-電腦維修工具人的家',TO_date('2016-06-15 10:15:28','YYYY-MM-DD HH24:MI:SS'),TO_date('2016-09-15 10:15:28','YYYY-MM-DD HH24:MI:SS'),'FTY000002','燦坤'); 
INSERT INTO AD VALUES ('AD'||LPAD(to_char(AD_SEQUENCE.NEXTVAL),8,'0'),load_blob('YYY8.jpg'),'【桃園餐廳】開丼 燒肉vs丼飯-主菜滿到爆出來的超邪惡丼飯',TO_date('2016-07-15 10:15:28','YYYY-MM-DD HH24:MI:SS'),TO_date('2016-10-15 10:15:28','YYYY-MM-DD HH24:MI:SS'),'FTY000003','開丼'); 
INSERT INTO AD VALUES ('AD'||LPAD(to_char(AD_SEQUENCE.NEXTVAL),8,'0'),load_blob('YYY9.jpg'),'【桃園餐廳】家咖哩-198元咖哩飯無限量吃到飽',TO_date('2016-08-15 10:15:28','YYYY-MM-DD HH24:MI:SS'),TO_date('2016-11-15 10:15:28','YYYY-MM-DD HH24:MI:SS'),'FTY000004','家咖哩'); 
INSERT INTO AD VALUES ('AD'||LPAD(to_char(AD_SEQUENCE.NEXTVAL),8,'0'),load_blob('YYY10.jpg'),'【桃園餐廳】地平線1號-舒適環境與用心美味的美食餐廳',TO_date('2016-09-15 10:15:28','YYYY-MM-DD HH24:MI:SS'),TO_date('2016-12-15 10:15:28','YYYY-MM-DD HH24:MI:SS'),'FTY000005','地平線1號'); 
INSERT INTO AD VALUES ('AD'||LPAD(to_char(AD_SEQUENCE.NEXTVAL),8,'0'),load_blob('YYY11.jpg'),'【桃園餐廳】茶自點複合式餐飲-現點現炒的美味茶館餐廳-桃園火車站美食',TO_date('2016-10-15 10:15:28','YYYY-MM-DD HH24:MI:SS'),TO_date('2017-01-15 10:15:28','YYYY-MM-DD HH24:MI:SS'),'FTY000006','茶自點'); 
INSERT INTO AD VALUES ('AD'||LPAD(to_char(AD_SEQUENCE.NEXTVAL),8,'0'),load_blob('YYY12.jpg'),'【桃園餐廳】Howfun好飯食堂-西班牙式的超大氣牛肉蓋飯',TO_date('2016-11-15 10:15:28','YYYY-MM-DD HH24:MI:SS'),TO_date('2017-02-15 10:15:28','YYYY-MM-DD HH24:MI:SS'),'FTY000007','Howfun好飯食堂'); 
INSERT INTO AD VALUES ('AD'||LPAD(to_char(AD_SEQUENCE.NEXTVAL),8,'0'),load_blob('YYY13.jpg'),'【桃園餐廳】京采日式飯館-CP值爆表的隱藏版日式料理餐廳',TO_date('2016-11-15 10:15:28','YYYY-MM-DD HH24:MI:SS'),TO_date('2017-02-15 10:15:28','YYYY-MM-DD HH24:MI:SS'),'FTY000008','京采日式飯館'); 
INSERT INTO AD VALUES ('AD'||LPAD(to_char(AD_SEQUENCE.NEXTVAL),8,'0'),load_blob('YYY14.jpg'),'【桃園餐廳】漁都日式料理-不用100元也能吃到生魚片丼飯',TO_date('2016-12-15 10:15:28','YYYY-MM-DD HH24:MI:SS'),TO_date('2017-03-15 10:15:28','YYYY-MM-DD HH24:MI:SS'),'FTY000009','漁都日式料理'); 
INSERT INTO AD VALUES ('AD'||LPAD(to_char(AD_SEQUENCE.NEXTVAL),8,'0'),load_blob('YYY15.jpg'),'【桃園餐廳】徊香美食小館-吃了會令人回味的打拋豬飯',TO_date('2017-01-15 10:15:28','YYYY-MM-DD HH24:MI:SS'),TO_date('2017-04-15 10:15:28','YYYY-MM-DD HH24:MI:SS'),'FTY000010','徊香美食小館'); 
INSERT INTO AD VALUES ('AD'||LPAD(to_char(AD_SEQUENCE.NEXTVAL),8,'0'),load_blob('YYY16.jpg'),'【桃園餐廳】北一水餃-一吃就會愛上的獨特水餃',TO_date('2017-03-15 10:15:28','YYYY-MM-DD HH24:MI:SS'),TO_date('2017-06-15 10:15:28','YYYY-MM-DD HH24:MI:SS'),'FTY000012','北一水餃'); 
INSERT INTO AD VALUES ('AD'||LPAD(to_char(AD_SEQUENCE.NEXTVAL),8,'0'),load_blob('YYY17.jpg'),'【桃園餐廳】阿勃勒農莊-佔地超過1200坪超大花園景觀餐廳',TO_date('2017-04-15 10:15:28','YYYY-MM-DD HH24:MI:SS'),TO_date('2017-07-15 10:15:28','YYYY-MM-DD HH24:MI:SS'),'FTY000013','阿勃勒農莊');
INSERT INTO AD VALUES ('AD'||LPAD(to_char(AD_SEQUENCE.NEXTVAL),8,'0'),load_blob('YYY18.png'),'【桃園美食】南崁50元幸福拉麵-50元就能吃到日式拉麵',TO_date('2017-06-15 10:15:28','YYYY-MM-DD HH24:MI:SS'),TO_date('2017-09-15 10:15:28','YYYY-MM-DD HH24:MI:SS'),'FTY000015','南崁50元幸福拉麵'); 
INSERT INTO AD VALUES ('AD'||LPAD(to_char(AD_SEQUENCE.NEXTVAL),8,'0'),load_blob('YYY19.jpg'),'【桃園美食】享樂煮義義大利麵餐廳-不到百元就能吃到義大利麵',TO_date('2017-07-15 10:15:28','YYYY-MM-DD HH24:MI:SS'),TO_date('2017-10-15 10:15:28','YYYY-MM-DD HH24:MI:SS'),'FTY000016','享樂煮義');
INSERT INTO AD VALUES ('AD'||LPAD(to_char(AD_SEQUENCE.NEXTVAL),8,'0'),load_blob('YYY20.jpg'),'【桃園餐廳】庶民食堂創意炒飯-超大份加飯不用錢的美味炒飯',TO_date('2017-09-15 10:15:28','YYYY-MM-DD HH24:MI:SS'),TO_date('2017-12-15 10:15:28','YYYY-MM-DD HH24:MI:SS'),'FTY000018','庶民食堂'); 
INSERT INTO AD VALUES ('AD'||LPAD(to_char(AD_SEQUENCE.NEXTVAL),8,'0'),load_blob('YYY21.jpg'),'【桃園餐廳】第三航廈咖啡店-坐著喝咖啡也能看到飛機',TO_date('2017-10-15 10:15:28','YYYY-MM-DD HH24:MI:SS'),TO_date('2018-01-15 10:15:28','YYYY-MM-DD HH24:MI:SS'),'FTY000018','第三航廈咖啡店'); 
INSERT INTO AD VALUES ('AD'||LPAD(to_char(AD_SEQUENCE.NEXTVAL),8,'0'),null,'BA104G1-有我照你-長期照護',TO_date('2017-06-27 09:00:00','YYYY-MM-DD HH24:MI:SS'),TO_date('2117-12-08 17:00:00','YYYY-MM-DD HH24:MI:SS'),'BA104-G1','有我照你'); 
INSERT INTO AD VALUES ('AD'||LPAD(to_char(AD_SEQUENCE.NEXTVAL),8,'0'),load_blob('BA104G2.png'),'BA104G2-喫茶趣-飲料JOIN',TO_date('2017-06-27 09:00:00','YYYY-MM-DD HH24:MI:SS'),TO_date('2117-12-08 17:00:00','YYYY-MM-DD HH24:MI:SS'),'BA104-G2','喫茶趣'); 
INSERT INTO AD VALUES ('AD'||LPAD(to_char(AD_SEQUENCE.NEXTVAL),8,'0'),load_blob('BA104G3.png'),'BA104G3-工具人-優質的工具人傳送門',TO_date('2017-06-27 09:00:00','YYYY-MM-DD HH24:MI:SS'),TO_date('2117-12-08 17:00:00','YYYY-MM-DD HH24:MI:SS'),'BA104-G3','工具人');
INSERT INTO AD VALUES ('AD'||LPAD(to_char(AD_SEQUENCE.NEXTVAL),8,'0'),load_blob('BA104G4.jpg'),'BA104G4-探險GO寶-旅遊達人行程規劃',TO_date('2017-06-27 09:00:00','YYYY-MM-DD HH24:MI:SS'),TO_date('2117-12-08 17:00:00','YYYY-MM-DD HH24:MI:SS'),'BA104-G4','探險GO寶');
INSERT INTO AD VALUES ('AD'||LPAD(to_char(AD_SEQUENCE.NEXTVAL),8,'0'),load_blob('BA104G5.png'),'BA104G5-好房市-We dont know how but we know houser',TO_date('2017-06-27 09:00:00','YYYY-MM-DD HH24:MI:SS'),TO_date('2117-12-08 17:00:00','YYYY-MM-DD HH24:MI:SS'),'BA104-G5','好房市');



COMMIT;